<!-- Scrolling Combat Text V0.1 -->
<Ui xmlns="http://www.blizzard.com/wow/ui/" xmlns:xsi="http://www.w3.org/2001/XMLSchema-instance"   xsi:schemaLocation="http://www.blizzard.com/wow/ui/"> 

	<Frame name="SCT_ANIMATION_FRAME" toplevel="true" enableMouse="false" parent="UIParent" frameStrata="HIGH" hidden="true">
		<Size>
			<AbsDimension x="24" y="24"/>
		</Size>
		<Anchors>
			<Anchor point="CENTER">
				<Offset>
					<AbsDimension x="0" y="60"/>
				</Offset>
			</Anchor>
		</Anchors>
	
		<Layers>
			<Layer level="ARTWORK">
				<FontString name="SCTaniData1" inherits="MasterFont"/>
				<FontString name="SCTaniData2" inherits="MasterFont"/>
				<FontString name="SCTaniData3" inherits="MasterFont"/>
				<FontString name="SCTaniData4" inherits="MasterFont"/>
				<FontString name="SCTaniData5" inherits="MasterFont"/>
				<FontString name="SCTaniData6" inherits="MasterFont"/>
				<FontString name="SCTaniData7" inherits="MasterFont"/>
				<FontString name="SCTaniData8" inherits="MasterFont"/>
				<FontString name="SCTaniData9" inherits="MasterFont"/>
				<FontString name="SCTaniData10" inherits="MasterFont"/>
				<FontString name="SCTaniData11" inherits="MasterFont"/>
				<FontString name="SCTaniData12" inherits="MasterFont"/>
				<FontString name="SCTaniData13" inherits="MasterFont"/>
				<FontString name="SCTaniData14" inherits="MasterFont"/>
				<FontString name="SCTaniData15" inherits="MasterFont"/>
				<FontString name="SCTaniData16" inherits="MasterFont"/>
				<FontString name="SCTaniData17" inherits="MasterFont"/>
				<FontString name="SCTaniData18" inherits="MasterFont"/>
				<FontString name="SCTaniData19" inherits="MasterFont"/>
				<FontString name="SCTaniData20" inherits="MasterFont"/>
				<FontString name="SCTaniData20" inherits="MasterFont"/>
				<FontString name="SCTaniData21" inherits="MasterFont"/>
				<FontString name="SCTaniData22" inherits="MasterFont"/>
				<FontString name="SCTaniData23" inherits="MasterFont"/>
				<FontString name="SCTaniData24" inherits="MasterFont"/>
				<FontString name="SCTaniData25" inherits="MasterFont"/>
				<FontString name="SCTaniData26" inherits="MasterFont"/>
				<FontString name="SCTaniData27" inherits="MasterFont"/>
				<FontString name="SCTaniData28" inherits="MasterFont"/>
				<FontString name="SCTaniData29" inherits="MasterFont"/>
				<FontString name="SCTaniData30" inherits="MasterFont"/>
			</Layer>		
		</Layers>
		
		<Scripts>
	      	<OnUpdate>
	        		SCT:UpdateAnimation(arg1);
	      	</OnUpdate>
		</Scripts>
	</Frame>
	
	<MessageFrame name="SCT_MSG_FRAME" insertMode="BOTTOM" parent="UIParent" frameStrata="HIGH" toplevel="true" >
		<Size>
			<AbsDimension x="600" y="70"/>
		</Size>
		<Anchors>
			<Anchor point="CENTER">
				<Offset>
					<AbsDimension x="0" y="210"/>
				</Offset>
			</Anchor>
		</Anchors>
		<FontString inherits="MasterFont" justifyH="CENTER">
			<FontHeight>
				<AbsValue val="20"/>
			</FontHeight>
		</FontString>
	</MessageFrame>
</Ui>