<Bindings>
  <Binding name="TOGGLESTANCESETSDLG" header="STANCESETS3">
    StanceSets3_Toggle();
  </Binding>
  <Binding name="STANCESETSET1">
    StanceSets3_EquipSet(0);
  </Binding>
  <Binding name="STANCESETSET2">
    StanceSets3_EquipSet(1);
  </Binding>
  <Binding name="STANCESETSET3">
    StanceSets3_EquipSet(2);
  </Binding>
  <Binding name="STANCESETNEXT">
    StanceSets3_Next(1);
  </Binding>
  <Binding name="STANCESETNEXT2">
    StanceSets3_Next(2);
  </Binding>
  <Binding name="STANCESETNEXT3">
    StanceSets3_Next(3);
  </Binding>
</Bindings>
