<Ui xmlns="http://www.blizzard.com/wow/ui/" xmlns:xsi="http://www.w3.org/2001/XMLSchema-instance" xsi:schemaLocation="http://www.blizzard.com/wow/ui/
..\FrameXML\UI.xsd">

	<!-- Localization -->

	<Script file="localization.lua"/>
	<Script file="localization.de.lua"/>
	<Script file="localization.fr.lua"/>

	<!-- My Script -->

	<Script file="BetterKeyBinding.lua"/>

	<!-- My AddOn Templates -->

	<Button name="BKBF_BindingButtonTemplate" virtual="true">
		<Scripts>
			<OnLoad>
				BKBF_BindingButton_OnLoad(arg1);
			</OnLoad>
			<OnClick>
				BKBF_BindingButton_OnClick(arg1);
			</OnClick>
		</Scripts>
		<NormalTexture name="$parentNormalTexture" inherits="UIPanelButtonUpTexture"/>
		<PushedTexture name="$parentPushedTexture" inherits="UIPanelButtonDownTexture"/>
		<DisabledTexture inherits="UIPanelButtonDisabledTexture"/>
		<HighlightTexture inherits="UIPanelButtonHighlightTexture"/>
	</Button>
	<Frame name="BKBF_BindingTemplate" virtual="true">
		<Size>
			<AbsDimension x="560" y="25"/>
		</Size>
		<Layers>
			<Layer level="BACKGROUND">
				<FontString name="$parentDescription" inherits="GameFontNormalSmall">
					<Anchors>
						<Anchor point="LEFT">
							<Offset>
								<AbsDimension x="0" y="0"/>
							</Offset>
						</Anchor>
					</Anchors>
				</FontString>
				<FontString name="$parentHeader" inherits="GameFontHighlight">
					<Anchors>
						<Anchor point="LEFT">
							<Offset>
								<AbsDimension x="0" y="0"/>
							</Offset>
						</Anchor>
					</Anchors>
				</FontString>
			</Layer>
		</Layers>
		<Frames>
			<Button name="$parentKey1Button" inherits="BKBF_BindingButtonTemplate" id="1">
				<Size>
					<AbsDimension x="180" y="22"/>
				</Size>
				<Anchors>
					<Anchor point="LEFT">
						<Offset>
							<AbsDimension x="175" y="0"/>
						</Offset>
					</Anchor>
				</Anchors>
				<NormalText inherits="GameFontHighlightSmall"/>
				<DisabledText inherits="GameFontDisable"/>
				<HighlightText inherits="GameFontHighlightSmall"/>
			</Button>
			<Button name="$parentKey2Button" inherits="BKBF_BindingButtonTemplate" id="2">
				<Size>
					<AbsDimension x="180" y="22"/>
				</Size>
				<Anchors>
					<Anchor point="LEFT" relativeTo="$parentKey1Button" relativePoint="RIGHT">
						<Offset>
							<AbsDimension x="0" y="0"/>
						</Offset>
					</Anchor>
				</Anchors>
				<NormalText inherits="GameFontHighlightSmall"/>
				<DisabledText inherits="GameFontDisable"/>
				<HighlightText inherits="GameFontHighlightSmall"/>
			</Button>
		</Frames>
	</Frame>
	<Button name="BKBF_SectionButtonTemplate" virtual="true">
		<Size>
			<AbsDimension x="132" y="20"/>
		</Size>
		<Scripts>
			<OnClick>
				BKBF_SectionButton_OnClick();
			</OnClick>
			<OnEnter>
				BKBF_SectionButton_OnEnter(this:GetID());
			</OnEnter>
		</Scripts>
		<NormalTexture name="$parentNormalTexture" file="Interface\AuctionFrame\UI-AuctionFrame-FilterBg">
			<TexCoords left="0" right="0.53125" top="0" bottom="0.625"/>
		</NormalTexture>
		<HighlightTexture file="Interface\PaperDollInfoFrame\UI-Character-Tab-Highlight" alphaMode="ADD"/>
		<NormalText name="$parentNormalText" inherits="GameFontNormalSmall" justifyH="LEFT">
			<Anchors>
				<Anchor point="LEFT">
					<Offset>
						<AbsDimension x="4" y="0"/>
					</Offset>
				</Anchor>
			</Anchors>
		</NormalText>
		<HighlightText name="$parentHighlightText" inherits="GameFontHighlightSmall" justifyH="LEFT">
			<Anchors>
				<Anchor point="LEFT">
					<Offset>
						<AbsDimension x="4" y="0"/>
					</Offset>
				</Anchor>
			</Anchors>
		</HighlightText>
	</Button>

	<!-- My AddOn Frames -->

	<Button name="BKBF" toplevel="true" parent="UIParent" frameStrata="DIALOG" movable="true" enableMouse="true" hidden="true" enableKeyboard="true">
		<Size>
			<AbsDimension x="800" y="512"/>
		</Size>
		<Anchors>
			<Anchor point="TOP">
				<Offset>
					<AbsDimension x="0" y="-100"/>
				</Offset>
			</Anchor>
		</Anchors>
		<Layers>
			<Layer level="BACKGROUND">
				<Texture file="Interface\KeyBindingFrame\UI-KeyBindingFrame-TopLeft">
					<Size>
						<AbsDimension x="256" y="256"/>
					</Size>
					<Anchors>
						<Anchor point="TOPLEFT"/>
					</Anchors>
				</Texture>
				<Texture file="Interface\KeyBindingFrame\UI-KeyBindingFrame-Top">
					<Size>
						<AbsDimension x="420" y="256"/>
					</Size>
					<Anchors>
						<Anchor point="TOPLEFT">
							<Offset>
								<AbsDimension x="256" y="0"/>
							</Offset>
						</Anchor>
					</Anchors>
				</Texture>
				<Texture file="Interface\KeyBindingFrame\UI-KeyBindingFrame-TopRight">
					<Size>
						<AbsDimension x="128" y="256"/>
					</Size>
					<Anchors>
						<Anchor point="TOPRIGHT"/>
					</Anchors>
				</Texture>
			</Layer>
			<Layer level="BACKGROUND">
				<Texture file="Interface\KeyBindingFrame\UI-KeyBindingFrame-BotLeft">
					<Size>
						<AbsDimension x="256" y="256"/>
					</Size>
					<Anchors>
						<Anchor point="BOTTOMLEFT"/>
					</Anchors>
				</Texture>
				<Texture file="Interface\KeyBindingFrame\UI-KeyBindingFrame-Bot">
					<Size>
						<AbsDimension x="420" y="256"/>
					</Size>
					<Anchors>
						<Anchor point="BOTTOMLEFT">
							<Offset>
								<AbsDimension x="256" y="0"/>
							</Offset>
						</Anchor>
					</Anchors>
				</Texture>
				<Texture file="Interface\KeyBindingFrame\UI-KeyBindingFrame-BotRight">
					<Size>
						<AbsDimension x="128" y="256"/>
					</Size>
					<Anchors>
						<Anchor point="BOTTOMRIGHT"/>
					</Anchors>
				</Texture>
				<FontString name="BKBF_Note1Label" inherits="GameFontNormal" text="BKBF_SECTIONS_WOW">
					<Anchors>
						<Anchor point="TOPLEFT">
							<Offset>
								<AbsDimension x="20" y="-12"/>
							</Offset>
						</Anchor>
					</Anchors>
			        <Color r="1.0" g="1.0" b="1.0"/>
				</FontString>
				<FontString name="BKBF_Note2Label" inherits="GameFontNormal" text="BKBF_SECTIONS_ADDONS">
					<Anchors>
						<Anchor point="TOPLEFT" relativeTo="BKBF_Note1Label" relativePoint="BOTTOMLEFT">
							<Offset>
								<AbsDimension x="0" y="0"/>
							</Offset>
						</Anchor>
					</Anchors>
			        <Color r="0.0" g="0.6" b="1.0"/>
				</FontString>
				<FontString name="BKBF_CommandLabel" inherits="GameFontNormal" text="COMMAND">
					<Anchors>
						<Anchor point="TOPLEFT">
							<Offset>
								<AbsDimension x="178" y="-32"/>
							</Offset>
						</Anchor>
					</Anchors>
				</FontString>
				<FontString name="BKBF_Key1Label" inherits="GameFontNormal" text="KEY1">
					<Anchors>
						<Anchor point="LEFT" relativeTo="BKBF_CommandLabel" relativePoint="RIGHT">
							<Offset>
								<AbsDimension x="185" y="0"/>
							</Offset>
						</Anchor>
					</Anchors>
				</FontString>
				<FontString name="BKBF_Key2Label" inherits="GameFontNormal" text="KEY2">
					<Anchors>
						<Anchor point="LEFT" relativeTo="BKBF_Key1Label" relativePoint="RIGHT">
							<Offset>
								<AbsDimension x="145" y="0"/>
							</Offset>
						</Anchor>
					</Anchors>
				</FontString>
				<FontString name="BKBF_OutputText" inherits="GameFontNormal">
					<Anchors>
						<Anchor point="BOTTOM">
							<Offset>
								<AbsDimension x="0" y="52"/>
							</Offset>
						</Anchor>
					</Anchors>
				</FontString>
			</Layer>
			<Layer level="ARTWORK">
				<Texture name="BKBF_Header" file="Interface\DialogFrame\UI-DialogBox-Header">
					<Size>
						<AbsDimension x="400" y="64"/>
					</Size>
					<Anchors>
						<Anchor point="TOP">
							<Offset>
								<AbsDimension x="0" y="12"/>
							</Offset>
						</Anchor>
					</Anchors>
				</Texture>
				<FontString name="BKBF_HeaderText" inherits="GameFontNormal" text="BETTER_KEY_BINDINGS">
					<Anchors>
						<Anchor point="TOP" relativeTo="BKBF_Header">
							<Offset>
								<AbsDimension x="0" y="-12"/>
							</Offset>
						</Anchor>
					</Anchors>
				</FontString>
			</Layer>
		</Layers>
		<Frames>
			<CheckButton name="BKBF_SortCheckButton" enableMouse="true" text="BKBF_SORT">
				<Size>
					<AbsDimension x="24" y="24"/>
				</Size>
				<Anchors>
					<Anchor point="TOPLEFT" relativeTo="BKBF_Note2Label" relativePoint="BOTTOMLEFT">
						<Offset>
							<AbsDimension x="0" y="2"/>
						</Offset>
					</Anchor>
				</Anchors>
				<NormalTexture file="Interface\Buttons\UI-CheckBox-Up"/>
				<PushedTexture file="Interface\Buttons\UI-CheckBox-Down"/>
				<DisabledTexture file="Interface\Buttons\UI-CheckBox-Up"/>
				<HighlightTexture file="Interface\Buttons\UI-CheckBox-Up"/>
				<NormalText inherits="GameFontNormal" justifyH="LEFT">
					<Anchors>
						<Anchor point="LEFT" relativePoint="RIGHT"/>
					</Anchors>
				</NormalText>
				<HighlightText inherits="GameFontHighlight" justifyH="LEFT">
					<Anchors>
						<Anchor point="LEFT" relativePoint="RIGHT"/>
					</Anchors>
				</HighlightText>
				<DisabledText inherits="GameFontDisable" justifyH="LEFT">
					<Anchors>
						<Anchor point="LEFT" relativePoint="RIGHT"/>
					</Anchors>
				</DisabledText>
				<PushedTextOffset>
					<AbsDimension x="2" y="-2"/>
				</PushedTextOffset>
				<CheckedTexture file="Interface\Buttons\UI-CheckBox-Check"/>
				<DisabledCheckedTexture file="Interface\Buttons\UI-CheckBox-Check-Disabled"/>
				<Scripts>
					<OnLoad>
						BKBF_SortCheckButton_OnLoad();
					</OnLoad>
					<OnEvent>
						BKBF_SortCheckButton_OnEvent();
					</OnEvent>
					<OnClick>
						BKBF_SortCheckButton_OnClick();
					</OnClick>
				</Scripts>
			</CheckButton>
			<CheckButton name="BKBF_MixCheckButton" enableMouse="true" text="BKBF_MIX">
				<Size>
					<AbsDimension x="24" y="24"/>
				</Size>
				<Anchors>
					<Anchor point="TOPLEFT" relativeTo="BKBF_SortCheckButton" relativePoint="TOPRIGHT">
						<Offset>
							<AbsDimension x="48" y="0"/>
						</Offset>
					</Anchor>
				</Anchors>
				<NormalTexture file="Interface\Buttons\UI-CheckBox-Up"/>
				<PushedTexture file="Interface\Buttons\UI-CheckBox-Down"/>
				<DisabledTexture file="Interface\Buttons\UI-CheckBox-Up"/>
				<HighlightTexture file="Interface\Buttons\UI-CheckBox-Up"/>
				<NormalText inherits="GameFontNormal" justifyH="LEFT">
					<Anchors>
						<Anchor point="LEFT" relativePoint="RIGHT"/>
					</Anchors>
				</NormalText>
				<HighlightText inherits="GameFontHighlight" justifyH="LEFT">
					<Anchors>
						<Anchor point="LEFT" relativePoint="RIGHT"/>
					</Anchors>
				</HighlightText>
				<DisabledText inherits="GameFontDisable" justifyH="LEFT">
					<Anchors>
						<Anchor point="LEFT" relativePoint="RIGHT"/>
					</Anchors>
				</DisabledText>
				<PushedTextOffset>
					<AbsDimension x="2" y="-2"/>
				</PushedTextOffset>
				<CheckedTexture file="Interface\Buttons\UI-CheckBox-Check"/>
				<DisabledCheckedTexture file="Interface\Buttons\UI-CheckBox-Check-Disabled"/>
				<Scripts>
					<OnLoad>
						BKBF_MixCheckButton_OnLoad();
					</OnLoad>
					<OnEvent>
						BKBF_MixCheckButton_OnEvent();
					</OnEvent>
					<OnClick>
						BKBF_MixCheckButton_OnClick();
					</OnClick>
				</Scripts>
			</CheckButton>
			<ScrollFrame name="BKBF_SectionScrollFrame" inherits="FauxScrollFrameTemplate">
				<Size>
					<AbsDimension x="125" y="390"/>
				</Size>
				<Anchors>
					<Anchor point="TOPLEFT">
						<Offset>
							<AbsDimension x="30" y="-53"/>
						</Offset>
					</Anchor>
				</Anchors>
				<Layers>
					<Layer level="ARTWORK">
						<Texture name="$parentTop" file="Interface\PaperDollInfoFrame\UI-Character-ScrollBar">
							<Size>
								<AbsDimension x="31" y="256"/>
							</Size>
							<Anchors>
								<Anchor point="TOPLEFT" relativePoint="TOPRIGHT">
									<Offset>
										<AbsDimension x="-2" y="5"/>
									</Offset>
								</Anchor>
							</Anchors>
							<TexCoords left="0" right="0.484375" top="0" bottom="1.0"/>
						</Texture>
						<Texture name="$parentBottom" file="Interface\PaperDollInfoFrame\UI-Character-ScrollBar">
							<Size>
								<AbsDimension x="31" y="106"/>
							</Size>
							<Anchors>
								<Anchor point="BOTTOMLEFT" relativePoint="BOTTOMRIGHT">
									<Offset>
										<AbsDimension x="-2" y="-2"/>
									</Offset>
								</Anchor>
							</Anchors>
							<TexCoords left="0.515625" right="1.0" top="0" bottom="0.4140625"/>
						</Texture>
						<Texture name="$parentMiddle" file="Interface\PaperDollInfoFrame\UI-Character-ScrollBar">
							<Size>
								<AbsDimension x="31" y="60"/>
							</Size>
							<Anchors>
								<Anchor point="TOP" relativeTo="$parentTop" relativePoint="BOTTOM">
									<Offset>
										<AbsDimension x="0" y="0"/>
									</Offset>
								</Anchor>
								<Anchor point="BOTTOM" relativeTo="$parentBottom" relativePoint="TOP">
									<Offset>
										<AbsDimension x="0" y="0"/>
									</Offset>
								</Anchor>
							</Anchors>
							<TexCoords left="0" right="0.484375" top=".75" bottom="1.0"/>
						</Texture>
					</Layer>
				</Layers>
				<Scripts>
					<OnVerticalScroll>
						FauxScrollFrame_OnVerticalScroll(BETTER_KEY_BINDING_HEIGHT, BKBF_Update);
					</OnVerticalScroll>
					<OnMouseWheel>
						ScrollFrameTemplate_OnMouseWheel(arg1);
					</OnMouseWheel>
				</Scripts>
			</ScrollFrame>
			<Button name="BKBF_SectionButton1" inherits="BKBF_SectionButtonTemplate" id="1" text="one">
				<Anchors>
					<Anchor point="TOPLEFT" relativePoint="TOPLEFT" relativeTo="BKBF_SectionScrollFrame">
						<Offset>
							<AbsDimension x="-9" y="-3"/>
						</Offset>
					</Anchor>
				</Anchors>
			</Button>
			<Button name="BKBF_SectionButton2" inherits="BKBF_SectionButtonTemplate" id="2" text="two">
				<Anchors>
					<Anchor point="TOPLEFT" relativePoint="BOTTOMLEFT" relativeTo="BKBF_SectionButton1">
						<Offset>
							<AbsDimension x="0" y="-3"/>
						</Offset>
					</Anchor>
				</Anchors>
			</Button>
			<Button name="BKBF_SectionButton3" inherits="BKBF_SectionButtonTemplate" id="3">
				<Anchors>
					<Anchor point="TOPLEFT" relativePoint="BOTTOMLEFT" relativeTo="BKBF_SectionButton2">
						<Offset>
							<AbsDimension x="0" y="-3"/>
						</Offset>
					</Anchor>
				</Anchors>
			</Button>
			<Button name="BKBF_SectionButton4" inherits="BKBF_SectionButtonTemplate" id="4">
				<Anchors>
					<Anchor point="TOPLEFT" relativePoint="BOTTOMLEFT" relativeTo="BKBF_SectionButton3">
						<Offset>
							<AbsDimension x="0" y="-3"/>
						</Offset>
					</Anchor>
				</Anchors>
			</Button>
			<Button name="BKBF_SectionButton5" inherits="BKBF_SectionButtonTemplate" id="5">
				<Anchors>
					<Anchor point="TOPLEFT" relativePoint="BOTTOMLEFT" relativeTo="BKBF_SectionButton4">
						<Offset>
							<AbsDimension x="0" y="-3"/>
						</Offset>
					</Anchor>
				</Anchors>
			</Button>
			<Button name="BKBF_SectionButton6" inherits="BKBF_SectionButtonTemplate" id="6">
				<Anchors>
					<Anchor point="TOPLEFT" relativePoint="BOTTOMLEFT" relativeTo="BKBF_SectionButton5">
						<Offset>
							<AbsDimension x="0" y="-3"/>
						</Offset>
					</Anchor>
				</Anchors>
			</Button>
			<Button name="BKBF_SectionButton7" inherits="BKBF_SectionButtonTemplate" id="7">
				<Anchors>
					<Anchor point="TOPLEFT" relativePoint="BOTTOMLEFT" relativeTo="BKBF_SectionButton6">
						<Offset>
							<AbsDimension x="0" y="-3"/>
						</Offset>
					</Anchor>
				</Anchors>
			</Button>
			<Button name="BKBF_SectionButton8" inherits="BKBF_SectionButtonTemplate" id="8">
				<Anchors>
					<Anchor point="TOPLEFT" relativePoint="BOTTOMLEFT" relativeTo="BKBF_SectionButton7">
						<Offset>
							<AbsDimension x="0" y="-3"/>
						</Offset>
					</Anchor>
				</Anchors>
			</Button>
			<Button name="BKBF_SectionButton9" inherits="BKBF_SectionButtonTemplate" id="9">
				<Anchors>
					<Anchor point="TOPLEFT" relativePoint="BOTTOMLEFT" relativeTo="BKBF_SectionButton8">
						<Offset>
							<AbsDimension x="0" y="-3"/>
						</Offset>
					</Anchor>
				</Anchors>
			</Button>
			<Button name="BKBF_SectionButton10" inherits="BKBF_SectionButtonTemplate" id="10">
				<Anchors>
					<Anchor point="TOPLEFT" relativePoint="BOTTOMLEFT" relativeTo="BKBF_SectionButton9">
						<Offset>
							<AbsDimension x="0" y="-3"/>
						</Offset>
					</Anchor>
				</Anchors>
			</Button>
			<Button name="BKBF_SectionButton11" inherits="BKBF_SectionButtonTemplate" id="11">
				<Anchors>
					<Anchor point="TOPLEFT" relativePoint="BOTTOMLEFT" relativeTo="BKBF_SectionButton10">
						<Offset>
							<AbsDimension x="0" y="-3"/>
						</Offset>
					</Anchor>
				</Anchors>
			</Button>
			<Button name="BKBF_SectionButton12" inherits="BKBF_SectionButtonTemplate" id="12">
				<Anchors>
					<Anchor point="TOPLEFT" relativePoint="BOTTOMLEFT" relativeTo="BKBF_SectionButton11">
						<Offset>
							<AbsDimension x="0" y="-3"/>
						</Offset>
					</Anchor>
				</Anchors>
			</Button>
			<Button name="BKBF_SectionButton13" inherits="BKBF_SectionButtonTemplate" id="13">
				<Anchors>
					<Anchor point="TOPLEFT" relativePoint="BOTTOMLEFT" relativeTo="BKBF_SectionButton12">
						<Offset>
							<AbsDimension x="0" y="-3"/>
						</Offset>
					</Anchor>
				</Anchors>
			</Button>
			<Button name="BKBF_SectionButton14" inherits="BKBF_SectionButtonTemplate" id="14">
				<Anchors>
					<Anchor point="TOPLEFT" relativePoint="BOTTOMLEFT" relativeTo="BKBF_SectionButton13">
						<Offset>
							<AbsDimension x="0" y="-3"/>
						</Offset>
					</Anchor>
				</Anchors>
			</Button>
			<Button name="BKBF_SectionButton15" inherits="BKBF_SectionButtonTemplate" id="15">
				<Anchors>
					<Anchor point="TOPLEFT" relativePoint="BOTTOMLEFT" relativeTo="BKBF_SectionButton14">
						<Offset>
							<AbsDimension x="0" y="-3"/>
						</Offset>
					</Anchor>
				</Anchors>
			</Button>
			<Button name="BKBF_SectionButton16" inherits="BKBF_SectionButtonTemplate" id="16">
				<Anchors>
					<Anchor point="TOPLEFT" relativePoint="BOTTOMLEFT" relativeTo="BKBF_SectionButton15">
						<Offset>
							<AbsDimension x="0" y="-3"/>
						</Offset>
					</Anchor>
				</Anchors>
			</Button>
			<Button name="BKBF_SectionButton17" inherits="BKBF_SectionButtonTemplate" id="17">
				<Anchors>
					<Anchor point="TOPLEFT" relativePoint="BOTTOMLEFT" relativeTo="BKBF_SectionButton16">
						<Offset>
							<AbsDimension x="0" y="-3"/>
						</Offset>
					</Anchor>
				</Anchors>
			</Button>

			<ScrollFrame name="BKBF_ScrollFrame" inherits="FauxScrollFrameTemplate">
				<Size>
					<AbsDimension x="560" y="390"/>
				</Size>
				<Anchors>
					<Anchor point="TOPRIGHT">
						<Offset>
							<AbsDimension x="-78" y="-53"/>
						</Offset>
					</Anchor>
				</Anchors>
				<Scripts>
					<OnVerticalScroll>
						FauxScrollFrame_OnVerticalScroll(BETTER_KEY_BINDING_HEIGHT, BKBF_Update);
					</OnVerticalScroll>
					<OnMouseWheel>
						if ( BKBF.selected ) then
							if ( arg1 > 0 ) then
								BKBF_OnKeyDown("MOUSEWHEELUP");
							else
								BKBF_OnKeyDown("MOUSEWHEELDOWN");
							end
						else
							ScrollFrameTemplate_OnMouseWheel(arg1);
						end
					</OnMouseWheel>
				</Scripts>
			</ScrollFrame>
			<Frame name="BKBF_Binding1" inherits="BKBF_BindingTemplate" id="1">
				<Anchors>
					<Anchor point="TOPLEFT" relativeTo="BKBF_ScrollFrame" relativePoint="TOPLEFT">
						<Offset>
							<AbsDimension x="28" y="0"/>
						</Offset>
					</Anchor>
				</Anchors>
			</Frame>
			<Frame name="BKBF_Binding2" inherits="BKBF_BindingTemplate" id="2">
				<Anchors>
					<Anchor point="TOPLEFT" relativeTo="BKBF_Binding1" relativePoint="BOTTOMLEFT">
						<Offset>
							<AbsDimension x="0" y="2"/>
						</Offset>
					</Anchor>
				</Anchors>
			</Frame>
			<Frame name="BKBF_Binding3" inherits="BKBF_BindingTemplate" id="3">
				<Anchors>
					<Anchor point="TOPLEFT" relativeTo="BKBF_Binding2" relativePoint="BOTTOMLEFT">
						<Offset>
							<AbsDimension x="0" y="2"/>
						</Offset>
					</Anchor>
				</Anchors>
			</Frame>
			<Frame name="BKBF_Binding4" inherits="BKBF_BindingTemplate" id="4">
				<Anchors>
					<Anchor point="TOPLEFT" relativeTo="BKBF_Binding3" relativePoint="BOTTOMLEFT">
						<Offset>
							<AbsDimension x="0" y="2"/>
						</Offset>
					</Anchor>
				</Anchors>
			</Frame>
			<Frame name="BKBF_Binding5" inherits="BKBF_BindingTemplate" id="5">
				<Anchors>
					<Anchor point="TOPLEFT" relativeTo="BKBF_Binding4" relativePoint="BOTTOMLEFT">
						<Offset>
							<AbsDimension x="0" y="2"/>
						</Offset>
					</Anchor>
				</Anchors>
			</Frame>
			<Frame name="BKBF_Binding6" inherits="BKBF_BindingTemplate" id="6">
				<Anchors>
					<Anchor point="TOPLEFT" relativeTo="BKBF_Binding5" relativePoint="BOTTOMLEFT">
						<Offset>
							<AbsDimension x="0" y="2"/>
						</Offset>
					</Anchor>
				</Anchors>
			</Frame>
			<Frame name="BKBF_Binding7" inherits="BKBF_BindingTemplate" id="7">
				<Anchors>
					<Anchor point="TOPLEFT" relativeTo="BKBF_Binding6" relativePoint="BOTTOMLEFT">
						<Offset>
							<AbsDimension x="0" y="2"/>
						</Offset>
					</Anchor>
				</Anchors>
			</Frame>
			<Frame name="BKBF_Binding8" inherits="BKBF_BindingTemplate" id="8">
				<Anchors>
					<Anchor point="TOPLEFT" relativeTo="BKBF_Binding7" relativePoint="BOTTOMLEFT">
						<Offset>
							<AbsDimension x="0" y="2"/>
						</Offset>
					</Anchor>
				</Anchors>
			</Frame>
			<Frame name="BKBF_Binding9" inherits="BKBF_BindingTemplate" id="9">
				<Anchors>
					<Anchor point="TOPLEFT" relativeTo="BKBF_Binding8" relativePoint="BOTTOMLEFT">
						<Offset>
							<AbsDimension x="0" y="2"/>
						</Offset>
					</Anchor>
				</Anchors>
			</Frame>
			<Frame name="BKBF_Binding10" inherits="BKBF_BindingTemplate" id="10">
				<Anchors>
					<Anchor point="TOPLEFT" relativeTo="BKBF_Binding9" relativePoint="BOTTOMLEFT">
						<Offset>
							<AbsDimension x="0" y="2"/>
						</Offset>
					</Anchor>
				</Anchors>
			</Frame>
			<Frame name="BKBF_Binding11" inherits="BKBF_BindingTemplate" id="11">
				<Anchors>
					<Anchor point="TOPLEFT" relativeTo="BKBF_Binding10" relativePoint="BOTTOMLEFT">
						<Offset>
							<AbsDimension x="0" y="2"/>
						</Offset>
					</Anchor>
				</Anchors>
			</Frame>
			<Frame name="BKBF_Binding12" inherits="BKBF_BindingTemplate" id="12">
				<Anchors>
					<Anchor point="TOPLEFT" relativeTo="BKBF_Binding11" relativePoint="BOTTOMLEFT">
						<Offset>
							<AbsDimension x="0" y="2"/>
						</Offset>
					</Anchor>
				</Anchors>
			</Frame>
			<Frame name="BKBF_Binding13" inherits="BKBF_BindingTemplate" id="13">
				<Anchors>
					<Anchor point="TOPLEFT" relativeTo="BKBF_Binding12" relativePoint="BOTTOMLEFT">
						<Offset>
							<AbsDimension x="0" y="2"/>
						</Offset>
					</Anchor>
				</Anchors>
			</Frame>
			<Frame name="BKBF_Binding14" inherits="BKBF_BindingTemplate" id="14">
				<Anchors>
					<Anchor point="TOPLEFT" relativeTo="BKBF_Binding13" relativePoint="BOTTOMLEFT">
						<Offset>
							<AbsDimension x="0" y="2"/>
						</Offset>
					</Anchor>
				</Anchors>
			</Frame>
			<Frame name="BKBF_Binding15" inherits="BKBF_BindingTemplate" id="15">
				<Anchors>
					<Anchor point="TOPLEFT" relativeTo="BKBF_Binding14" relativePoint="BOTTOMLEFT">
						<Offset>
							<AbsDimension x="0" y="2"/>
						</Offset>
					</Anchor>
				</Anchors>
			</Frame>
			<Frame name="BKBF_Binding16" inherits="BKBF_BindingTemplate" id="16">
				<Anchors>
					<Anchor point="TOPLEFT" relativeTo="BKBF_Binding15" relativePoint="BOTTOMLEFT">
						<Offset>
							<AbsDimension x="0" y="2"/>
						</Offset>
					</Anchor>
				</Anchors>
			</Frame>
			<Frame name="BKBF_Binding17" inherits="BKBF_BindingTemplate" id="17">
				<Anchors>
					<Anchor point="TOPLEFT" relativeTo="BKBF_Binding16" relativePoint="BOTTOMLEFT">
						<Offset>
							<AbsDimension x="0" y="2"/>
						</Offset>
					</Anchor>
				</Anchors>
			</Frame>
			<Button name="BKBF_DefaultButton" inherits="UIPanelButtonGrayTemplate" text="RESET_TO_DEFAULT">
				<Size>
					<AbsDimension x="120" y="22"/>
				</Size>
				<Anchors>
					<Anchor point="BOTTOMLEFT">
						<Offset>
							<AbsDimension x="10" y="21"/>
						</Offset>
					</Anchor>
				</Anchors>
				<Scripts>
					<OnClick>
						LoadBindings(0); -- Load default bindings
						BKBF_Update();
					</OnClick>
				</Scripts>
			</Button>
			<Button name="BKBF_RevertButton" inherits="UIPanelButtonTemplate" text="BKBF_REVERT">
				<Size>
					<AbsDimension x="120" y="22"/>
				</Size>
				<Anchors>
					<Anchor point="LEFT" relativeTo="BKBF_DefaultButton" relativePoint="RIGHT">
						<Offset>
							<AbsDimension x="0" y="0"/>
						</Offset>
					</Anchor>
				</Anchors>
				<Scripts>
					<OnClick>
						BKBF_Revert_OnClick();
					</OnClick>
				</Scripts>
			</Button>
			<Button name="BKBF_CancelButton" inherits="UIPanelButtonTemplate" text="CANCEL">
				<Size>
					<AbsDimension x="120" y="22"/>
				</Size>
				<Anchors>
					<Anchor point="BOTTOMRIGHT">
						<Offset>
							<AbsDimension x="-50" y="21"/>
						</Offset>
					</Anchor>
				</Anchors>
				<Scripts>
					<OnClick>
						LoadBindings(GetCurrentBindingSet());
						BKBF.selected = nil;
						HideUIPanel(BKBF);
					</OnClick>
				</Scripts>
			</Button>
			<Button name="BKBF_OkayButton" inherits="UIPanelButtonTemplate" text="OKAY">
				<Size>
					<AbsDimension x="120" y="22"/>
				</Size>
				<Anchors>
					<Anchor point="RIGHT" relativeTo="BKBF_CancelButton" relativePoint="LEFT">
						<Offset>
							<AbsDimension x="0" y="0"/>
						</Offset>
					</Anchor>
				</Anchors>
				<Scripts>
					<OnClick>
						SaveBindings(GetCurrentBindingSet());
						BKBF.selected = nil;
						HideUIPanel(BKBF);
					</OnClick>
				</Scripts>
			</Button>
			<Button name="BKBF_UnBindButton" inherits="UIPanelButtonTemplate" text="UNBIND">
				<Size>
					<AbsDimension x="120" y="22"/>
				</Size>
				<Anchors>
					<Anchor point="RIGHT" relativeTo="BKBF_OkayButton" relativePoint="LEFT">
						<Offset>
							<AbsDimension x="0" y="0"/>
						</Offset>
					</Anchor>
				</Anchors>
				<Scripts>
					<OnClick>
						BKBF_UnBindButton_OnClick()
					</OnClick>
				</Scripts>
			</Button>
			<Button name="BKBF_ConfirmButton" inherits="UIPanelButtonTemplate" text="BKBF_CONFIRM">
				<Size>
					<AbsDimension x="120" y="22"/>
				</Size>
				<Anchors>
					<Anchor point="RIGHT" relativeTo="BKBF_UnBindButton" relativePoint="LEFT">
						<Offset>
							<AbsDimension x="0" y="0"/>
						</Offset>
					</Anchor>
				</Anchors>
				<Scripts>
					<OnClick>
						BKBF_Confirm_OnClick();
					</OnClick>
				</Scripts>
			</Button>
		</Frames>
		<Scripts>
			<OnLoad>
				BKBF_OnLoad();
			</OnLoad>
			<OnUpdate>
				BKBF_OnUpdate();
			</OnUpdate>
			<OnShow>
				BKBF_OnShow();
			</OnShow>
			<OnHide>
				BKBF_OutputText:SetText("");
				--ShowUIPanel(GameMenuFrame);
			</OnHide>
			<OnClick>
				BKBF_OnKeyDown(arg1);
			</OnClick>
			<OnKeyDown>
				BKBF_OnKeyDown();
			</OnKeyDown> 
			<OnMouseWheel>
				return;
			</OnMouseWheel>
		</Scripts>
	</Button>
</Ui>
