<Bindings>
   	<Binding name="CRYOLYSISLEFT" header="CRYO_BIND">
   		Cryolysis_Toggle("LeftButton", true);
   	</Binding>
   	<Binding name="EVOCATION" header="CRYO_BIND">
    		Cryolysis_BuffCast(49);
    	</Binding>
   	<Binding name="MANASTONELEFT" header="CRYO_BIND">
    		Cryolysis_UseItem("Manastone", "LeftButton", true);
	</Binding>
   	<Binding name="MANASTONERIGHT" header="CRYO_BIND">
    		Cryolysis_UseItem("Manastone", "RightButton", true);
    	</Binding>

   	<Binding name="DRINKLEFT" header="CRYO_BIND">
    		Cryolysis_UseItem("Drink", "LeftButton", true);
	</Binding>
   	<Binding name="DRINKMIDDLE" header="CRYO_BIND">
    		Cryolysis_UseItem("Drink", "MiddleButton", true);
	</Binding>
   	<Binding name="DRINKRIGHT" header="CRYO_BIND">
    		Cryolysis_UseItem("Drink", "RightButton", true);
	</Binding>

   	<Binding name="FOODLEFT" header="CRYO_BIND">
    		Cryolysis_UseItem("Food", "LeftButton", true);
	</Binding>
   	<Binding name="FOODMIDDLE" header="CRYO_BIND">
    		Cryolysis_UseItem("Food", "MiddleButton", true);
	</Binding>
   	<Binding name="FOODRIGHT" header="CRYO_BIND">
    		Cryolysis_UseItem("Food", "RightButton", true);
	</Binding>
   	<Binding name="LASTBUFF" header="CRYO_BIND">
    		Cryolysis_BuffMenu("RightButton", true);
	</Binding>
   	<Binding name="LASTPORTAL" header="CRYO_BIND">
    		Cryolysis_PortalMenu("RightButton", true);
	</Binding>
	<Binding name="STEED" header="CRYO_BIND">
    		Cryolysis_UseItem("Mount", "LeftButton", true);
    	</Binding>
	<Binding name="HEARTH" header="CRYO_BIND">
    		Cryolysis_UseItem("Mount", "RightButton", true);
    	</Binding>
	<Binding name="LEFTSPELLLEFT" header="CRYO_BIND">
    		Cryolysis_SpellButtonCast("Left", "LeftButton", true);
    	</Binding>
	<Binding name="LEFTSPELLRIGHT" header="CRYO_BIND">
    		Cryolysis_SpellButtonCast("Left", "RightButton", true);
    	</Binding>
	<Binding name="RIGHTSPELLLEFT" header="CRYO_BIND">
    		Cryolysis_SpellButtonCast("Right", "LeftButton", true);
    	</Binding>
	<Binding name="RIGHTSPELLRIGHT" header="CRYO_BIND">
    		Cryolysis_SpellButtonCast("Right", "RightButton", true);
    	</Binding>
</Bindings>
