<Ui xmlns="http://www.blizzard.com/wow/ui/" xmlns:xsi="http://www.w3.org/2001/XMLSchema-instance" xsi:schemaLocation="http://www.blizzard.com/wow/ui/..\FrameXML\UI.xsd">

	<Frame name="CryolysisTimerMenu" frameStrata="DIALOG" movable="false" enableMouse="true" parent="CryolysisGeneralFrame">
		<Size>
			<AbsDimension x="350" y="452"/>
		</Size>
		<Anchors>
			<Anchor point="BOTTOMLEFT" relativeTo="CryolysisGeneralFrame"/>
		</Anchors>
		<HitRectInsets>
			<AbsInset left="0" right="35" top="0" bottom="75"/>
		</HitRectInsets>
		<Layers>
			<Layer level="ARTWORK">
				<FontString name="CryolysisShowSpellTimers_Option" inherits="GameFontNormalSmall">
					<Color r="1.0" g="1.0" b="1.0" a="1"/>
					<Anchors>
						<Anchor point="TOPLEFT" relativeTo="CryolysisTimerMenu" relativeFrom="TOPLEFT">
							<Offset>
								<AbsDimension x="60" y="-40"/>
							</Offset>
						</Anchor>
					</Anchors>
				</FontString>
				<FontString name="CryolysisTimerButton_Option" inherits="GameFontNormalSmall">
					<Color r="1.0" g="1.0" b="1.0" a="1"/>
					<Anchors>
						<Anchor point="TOPLEFT" relativeTo="CryolysisTimerMenu" relativeFrom="TOPLEFT">
							<Offset>
								<AbsDimension x="60" y="-60"/>
							</Offset>
						</Anchor>
					</Anchors>
				</FontString>
				<FontString name="CryolysisSTimer_Option" inherits="GameFontNormalSmall">
					<Color r="1.0" g="1.0" b="1.0" a="1"/>
					<Anchors>
						<Anchor point="TOPLEFT" relativeTo="CryolysisTimerMenu" relativeFrom="TOPLEFT">
							<Offset>
								<AbsDimension x="60" y="-80"/>
							</Offset>
						</Anchor>
					</Anchors>
				</FontString>
				<FontString name="CryolysisGraphicalTimer_Section" inherits="GameFontNormalSmall">
					<Color r="1.0" g="0.5" b="1.0" a="1"/>
					<Anchors>
						<Anchor point="TOPLEFT" relativeTo="CryolysisTimerMenu" relativeFrom="TOPLEFT">
							<Offset>
								<AbsDimension x="30" y="-115"/>
							</Offset>
						</Anchor>
					</Anchors>
				</FontString>
				<FontString name="CryolysisGraphicalTimer_Option" inherits="GameFontNormalSmall">
					<Color r="1.0" g="1.0" b="1.0" a="1"/>
					<Anchors>
						<Anchor point="TOPLEFT" relativeTo="CryolysisTimerMenu" relativeFrom="TOPLEFT">
							<Offset>
								<AbsDimension x="60" y="-135"/>
							</Offset>
						</Anchor>
					</Anchors>
				</FontString>
				<FontString name="CryolysisTimerColor_Option" inherits="GameFontNormalSmall">
					<Color r="1.0" g="1.0" b="1.0" a="1"/>
					<Anchors>
						<Anchor point="TOPLEFT" relativeTo="CryolysisTimerMenu" relativeFrom="TOPLEFT">
							<Offset>
								<AbsDimension x="60" y="-155"/>
							</Offset>
						</Anchor>
					</Anchors>
				</FontString>
				<FontString name="CryolysisTimerDirection_Option" inherits="GameFontNormalSmall">
					<Color r="1.0" g="1.0" b="1.0" a="1"/>
					<Anchors>
						<Anchor point="TOPLEFT" relativeTo="CryolysisTimerMenu" relativeFrom="TOPLEFT">
							<Offset>
								<AbsDimension x="60" y="-175"/>
							</Offset>
						</Anchor>
					</Anchors>
				</FontString>
			</Layer>
		</Layers>
		<Frames>
			<CheckButton name="CryolysisShowSpellTimers_Button" enableMouse="true" inherits="UICheckButtonTemplate" checked="false">
				<Size>
					<AbsDimension x="24" y="24"/>
				</Size>
				<Anchors>
					<Anchor point="TOPLEFT" relativeTo="CryolysisTimerMenu" relativeFrom="TOPLEFT">
						<Offset>
							<AbsDimension x="30" y="-35"/>
						</Offset>
					</Anchor>
				</Anchors>
				<Scripts>
					<OnClick>
						if (this:GetChecked()) then
							CryolysisConfig.ShowSpellTimers = true;
						else
							CryolysisConfig.ShowSpellTimers = false;
						end
					</OnClick>
				</Scripts>
			</CheckButton>
			<CheckButton name="CryolysisTimerButton_Button" enableMouse="true" inherits="UICheckButtonTemplate" checked="false">
				<Size>
					<AbsDimension x="24" y="24"/>
				</Size>
				<Anchors>
					<Anchor point="TOPLEFT" relativeTo="CryolysisTimerMenu" relativeFrom="TOPLEFT">
						<Offset>
							<AbsDimension x="30" y="-55"/>
						</Offset>
					</Anchor>
				</Anchors>
				<Scripts>
					<OnClick>
						if (this:GetChecked()) then
							CryolysisConfig.ShowSpellTimerButton = true;
						else
							CryolysisConfig.ShowSpellTimerButton = false;
						end
					</OnClick>
				</Scripts>
			</CheckButton>
			<CheckButton name="CryolysisSTimer_Button" enableMouse="true" inherits="UICheckButtonTemplate" checked="false">
				<Size>
					<AbsDimension x="24" y="24"/>
				</Size>
				<Anchors>
					<Anchor point="TOPLEFT" relativeTo="CryolysisTimerMenu" relativeFrom="TOPLEFT">
						<Offset>
							<AbsDimension x="30" y="-75"/>
						</Offset>
					</Anchor>
				</Anchors>
				<Scripts>
					<OnClick>
						if (this:GetChecked()) then
							CryolysisConfig.SpellTimerPos = -1;
							CryolysisConfig.SpellTimerJust = "RIGHT";
							AnchorSpellTimerTooltip = "ANCHOR_LEFT"
						else
							CryolysisConfig.SpellTimerPos = 1;
							CryolysisConfig.SpellTimerJust = "LEFT";
							AnchorSpellTimerTooltip = "ANCHOR_RIGHT";
						end
						CryolysisListSpells:ClearAllPoints();
						CryolysisListSpells:SetJustifyH(CryolysisConfig.SpellTimerJust);
						CryolysisListSpells:SetPoint("TOP"..CryolysisConfig.SpellTimerJust, "CryolysisSpellTimerButton", "CENTER", CryolysisConfig.SpellTimerPos * 23, 10);
					</OnClick>
				</Scripts>
			</CheckButton>
			<CheckButton name="CryolysisGraphicalTimer_Button" enableMouse="true" inherits="UICheckButtonTemplate" checked="false">
				<Size>
					<AbsDimension x="24" y="24"/>
				</Size>
				<Anchors>
					<Anchor point="TOPLEFT" relativeTo="CryolysisTimerMenu" relativeFrom="TOPLEFT">
						<Offset>
							<AbsDimension x="30" y="-130"/>
						</Offset>
					</Anchor>
				</Anchors>
				<Scripts>
					<OnClick>
						CryolysisConfig.Graphical = this:GetChecked();
						Cryolysis_HideGraphTimer();
					</OnClick>
				</Scripts>
			</CheckButton>
			<CheckButton name="CryolysisTimerColor_Button" enableMouse="true" inherits="UICheckButtonTemplate" checked="false">
				<Size>
					<AbsDimension x="24" y="24"/>
				</Size>
				<Anchors>
					<Anchor point="TOPLEFT" relativeTo="CryolysisTimerMenu" relativeFrom="TOPLEFT">
						<Offset>
							<AbsDimension x="30" y="-150"/>
						</Offset>
					</Anchor>
				</Anchors>
				<Scripts>
					<OnClick>
						CryolysisConfig.Yellow = not this:GetChecked();
					</OnClick>
				</Scripts>
			</CheckButton>
			<CheckButton name="CryolysisTimerDirection_Button" enableMouse="true" inherits="UICheckButtonTemplate" checked="false">
				<Size>
					<AbsDimension x="24" y="24"/>
				</Size>
				<Anchors>
					<Anchor point="TOPLEFT" relativeTo="CryolysisTimerMenu" relativeFrom="TOPLEFT">
						<Offset>
							<AbsDimension x="30" y="-170"/>
						</Offset>
					</Anchor>
				</Anchors>
				<Scripts>
					<OnClick>
						if (this:GetChecked()) then
							CryolysisConfig.SensListe = -1;
						else
							CryolysisConfig.SensListe = 1;
						end
					</OnClick>
				</Scripts>
			</CheckButton>
		</Frames>
     		<Scripts>
        		<OnLoad>
				HideUIPanel(CryolysisTimerMenu);
			</OnLoad>
		</Scripts>
	</Frame>
</Ui>
