<Ui xmlns="http://www.blizzard.com/wow/ui/" xmlns:xsi="http://www.w3.org/2001/XMLSchema-instance" xsi:schemaLocation="http://www.blizzard.com/wow/ui/..\FrameXML\UI.xsd">
		<Button name="ReorderTemplate" virtual="true">
    <Size>
      <AbsDimension x="29" y="29"/>
    </Size>
    <Layers>
      <Layer level="BACKGROUND">
        <Texture name="$parentIcon" file="Interface\Icons\INV_Misc_QuestionMark"/>
      </Layer>
    </Layers>
    <HighlightTexture file="Interface\Buttons\CheckButtonHilight" alphaMode="ADD"/>
    <Scripts>
      <OnClick>
        Reorder.OnClick(-1)
      </OnClick>
    </Scripts>
  </Button>
    			<Slider name="SpellButtonSliderTemplate" inherits="OptionsSliderTemplate" minValue="1" maxValue="8" valueStep="1" virtual="true">
				<Size>
					<AbsDimension x="120" y="16"/>
				</Size>
				<Scripts>
				<OnEnter>
						GameTooltip:SetOwner(this, "ANCHOR_RIGHT");
						if (this:GetValue() == 1) then
							GameTooltip:SetText(CRYOLYSIS_CONFIGURATION.SpellButton.Armor);
						elseif (this:GetValue() == 2) then
							GameTooltip:SetText(CRYOLYSIS_CONFIGURATION.SpellButton.ArcaneInt);
						elseif (this:GetValue() == 3) then
							GameTooltip:SetText(CRYOLYSIS_CONFIGURATION.SpellButton.DampenMagic);
						elseif (this:GetValue() == 4) then
							GameTooltip:SetText(CRYOLYSIS_CONFIGURATION.SpellButton.IceBarrier);
						elseif (this:GetValue() == 5) then
							GameTooltip:SetText(CRYOLYSIS_CONFIGURATION.SpellButton.FireWard);
						elseif (this:GetValue() == 6) then
							GameTooltip:SetText(CRYOLYSIS_CONFIGURATION.SpellButton.DetectMagic);
						elseif (this:GetValue() == 7) then
							GameTooltip:SetText(CRYOLYSIS_CONFIGURATION.SpellButton.RemoveCurse);
						elseif (this:GetValue() == 8) then
							GameTooltip:SetText(CRYOLYSIS_CONFIGURATION.SpellButton.SlowFall);
						end
					</OnEnter>
					<OnValueChanged>
						GameTooltip:SetOwner(this, "ANCHOR_RIGHT");
						if (this:GetValue() == 1) then
							GameTooltip:SetText(CRYOLYSIS_CONFIGURATION.SpellButton.Armor);
						elseif (this:GetValue() == 2) then
							GameTooltip:SetText(CRYOLYSIS_CONFIGURATION.SpellButton.ArcaneInt);
						elseif (this:GetValue() == 3) then
							GameTooltip:SetText(CRYOLYSIS_CONFIGURATION.SpellButton.DampenMagic);
						elseif (this:GetValue() == 4) then
							GameTooltip:SetText(CRYOLYSIS_CONFIGURATION.SpellButton.IceBarrier);
						elseif (this:GetValue() == 5) then
							GameTooltip:SetText(CRYOLYSIS_CONFIGURATION.SpellButton.FireWard);
						elseif (this:GetValue() == 6) then
							GameTooltip:SetText(CRYOLYSIS_CONFIGURATION.SpellButton.DetectMagic);
						elseif (this:GetValue() == 7) then
							GameTooltip:SetText(CRYOLYSIS_CONFIGURATION.SpellButton.RemoveCurse);
						elseif (this:GetValue() == 8) then
							GameTooltip:SetText(CRYOLYSIS_CONFIGURATION.SpellButton.SlowFall);
						end
						CryolysisConfig.RightSpell = this:GetValue();
						SerenityButtonTexture.Stones.Base[4] = 0;
					</OnValueChanged>
					<OnLeave>
						GameTooltip:Hide();
					</OnLeave>
				</Scripts>
			</Slider>
  
	<Frame name="CryolysisButtonMenu" frameStrata="DIALOG" movable="false" enableMouse="true" parent="CryolysisGeneralFrame">
		<Size>
			<AbsDimension x="350" y="452"/>
		</Size>
		<Anchors>
			<Anchor point="BOTTOMLEFT" relativeTo="CryolysisGeneralFrame"/>
		</Anchors>
		<HitRectInsets>
			<AbsInset left="0" right="35" top="0" bottom="75"/>
		</HitRectInsets>	
		<Layers>
			<Layer level="ARTWORK">
				<FontString name="CryolysisShowButton_String" inherits="GameFontNormalSmall">
					<Color r="0.2" g="0.9" b="0.95" a="1"/>
					<Anchors>
						<Anchor point="TOPLEFT" relativeTo="CryolysisButtonMenu" relativeFrom="TOPLEFT">
							<Offset>
								<AbsDimension x="30" y="-25"/>
							</Offset>
						</Anchor>
					</Anchors>
				</FontString>
				<FontString name="CryolysisOnButton_String" inherits="GameFontNormalSmall">
					<Color r="0.2" g="0.9" b="0.95" a="1"/>
					<Anchors>
						<Anchor point="TOPLEFT" relativeTo="CryolysisButtonMenu" relativeFrom="TOPLEFT">
							<Offset>
								<AbsDimension x="180" y="-25"/>
							</Offset>
						</Anchor>
					</Anchors>
				</FontString>
				<FontString name="CryolysisShowFood_Option" inherits="GameFontNormalSmall">
					<Color r="1.0" g="1.0" b="1.0" a="1"/>
					<Anchors>
						<Anchor point="TOPLEFT" relativeTo="CryolysisButtonMenu" relativeFrom="TOPLEFT">
							<Offset>
								<AbsDimension x="60" y="-40"/>
							</Offset>
						</Anchor>
					</Anchors>
				</FontString>
				<FontString name="CryolysisShowDrink_Option" inherits="GameFontNormalSmall">
					<Color r="1.0" g="1.0" b="1.0" a="1"/>
					<Anchors>
						<Anchor point="TOPLEFT" relativeTo="CryolysisButtonMenu" relativeFrom="TOPLEFT">
							<Offset>
								<AbsDimension x="60" y="-60"/>
							</Offset>
						</Anchor>
					</Anchors>
				</FontString>
				<FontString name="CryolysisShowManaStone_Option" inherits="GameFontNormalSmall">
					<Color r="1.0" g="1.0" b="1.0" a="1"/>
					<Anchors>
						<Anchor point="TOPLEFT" relativeTo="CryolysisButtonMenu" relativeFrom="TOPLEFT">
							<Offset>
								<AbsDimension x="60" y="-80"/>
							</Offset>
						</Anchor>
					</Anchors>
				</FontString>

				<FontString name="CryolysisShowLeftSpell_Option" inherits="GameFontNormalSmall">
					<Color r="1.0" g="1.0" b="1.0" a="1"/>
					<Anchors>
						<Anchor point="TOPLEFT" relativeTo="CryolysisButtonMenu" relativeFrom="TOPLEFT">
							<Offset>
								<AbsDimension x="60" y="-100"/>
							</Offset>
						</Anchor>
					</Anchors>
				</FontString>

				<FontString name="CryolysisShowEvocation_Option" inherits="GameFontNormalSmall">
					<Color r="1.0" g="1.0" b="1.0" a="1"/>
					<Anchors>
						<Anchor point="TOPLEFT" relativeTo="CryolysisButtonMenu" relativeFrom="TOPLEFT">
							<Offset>
								<AbsDimension x="60" y="-120"/>
							</Offset>
						</Anchor>
					</Anchors>
				</FontString>


				<FontString name="CryolysisShowRightSpell_Option" inherits="GameFontNormalSmall">
					<Color r="1.0" g="1.0" b="1.0" a="1"/>
					<Anchors>
						<Anchor point="TOPLEFT" relativeTo="CryolysisButtonMenu" relativeFrom="TOPLEFT">
							<Offset>
								<AbsDimension x="60" y="-140"/>
							</Offset>
						</Anchor>
					</Anchors>
				</FontString>
				<FontString name="CryolysisShowBuffMenu_Option" inherits="GameFontNormalSmall">
					<Color r="1.0" g="1.0" b="1.0" a="1"/>
					<Anchors>
						<Anchor point="TOPLEFT" relativeTo="CryolysisButtonMenu" relativeFrom="TOPLEFT">
							<Offset>
								<AbsDimension x="60" y="-160"/>
							</Offset>
						</Anchor>
					</Anchors>
				</FontString>
				<FontString name="CryolysisShowMount_Option" inherits="GameFontNormalSmall">
					<Color r="1.0" g="1.0" b="1.0" a="1"/>
					<Anchors>
						<Anchor point="TOPLEFT" relativeTo="CryolysisButtonMenu" relativeFrom="TOPLEFT">
							<Offset>
								<AbsDimension x="60" y="-180"/>
							</Offset>
						</Anchor>
					</Anchors>
				</FontString>
				<FontString name="CryolysisShowPortalMenu_Option" inherits="GameFontNormalSmall">
					<Color r="1.0" g="1.0" b="1.0" a="1"/>
					<Anchors>
						<Anchor point="TOPLEFT" relativeTo="CryolysisButtonMenu" relativeFrom="TOPLEFT">
							<Offset>
								<AbsDimension x="60" y="-200"/>
							</Offset>
						</Anchor>
					</Anchors>
				</FontString>	
				<FontString name="CryolysisFoodText_Option" inherits="GameFontNormalSmall">
					<Color r="1.0" g="1.0" b="1.0" a="1"/>
					<Anchors>
						<Anchor point="TOPLEFT" relativeTo="CryolysisButtonMenu" relativeFrom="TOPLEFT">
							<Offset>
								<AbsDimension x="200" y="-40"/>
							</Offset>
						</Anchor>
					</Anchors>
				</FontString>
				<FontString name="CryolysisDrinkText_Option" inherits="GameFontNormalSmall">
					<Color r="1.0" g="1.0" b="1.0" a="1"/>
					<Anchors>
						<Anchor point="TOPLEFT" relativeTo="CryolysisButtonMenu" relativeFrom="TOPLEFT">
							<Offset>
								<AbsDimension x="200" y="-60"/>
							</Offset>
						</Anchor>
					</Anchors>
				</FontString>
				<FontString name="CryolysisManaStoneText_Option" inherits="GameFontNormalSmall">
					<Color r="1.0" g="1.0" b="1.0" a="1"/>
					<Anchors>
						<Anchor point="TOPLEFT" relativeTo="CryolysisButtonMenu" relativeFrom="TOPLEFT">
							<Offset>
								<AbsDimension x="200" y="-80"/>
							</Offset>
						</Anchor>
					</Anchors>
				</FontString>
				<FontString name="CryolysisEvocationText_Option" inherits="GameFontNormalSmall">
					<Color r="1.0" g="1.0" b="1.0" a="1"/>
					<Anchors>
						<Anchor point="TOPLEFT" relativeTo="CryolysisButtonMenu" relativeFrom="TOPLEFT">
							<Offset>
								<AbsDimension x="200" y="-120"/>
							</Offset>
						</Anchor>
					</Anchors>
				</FontString>
				<FontString name="CryolysisFeatherText_Option" inherits="GameFontNormalSmall">
					<Color r="1.0" g="1.0" b="1.0" a="1"/>
					<Anchors>
						<Anchor point="TOPLEFT" relativeTo="CryolysisButtonMenu" relativeFrom="TOPLEFT">
							<Offset>
								<AbsDimension x="200" y="-160"/>
							</Offset>
						</Anchor>
					</Anchors>
				</FontString>
				<FontString name="CryolysisPowderText_Option" inherits="GameFontNormalSmall">
					<Color r="1.0" g="1.0" b="1.0" a="1"/>
					<Anchors>
						<Anchor point="TOPLEFT" relativeTo="CryolysisButtonMenu" relativeFrom="TOPLEFT">
							<Offset>
								<AbsDimension x="200" y="-180"/>
							</Offset>
						</Anchor>
					</Anchors>
				</FontString>

				<FontString name="CryolysisRuneText_Option" inherits="GameFontNormalSmall">
					<Color r="1.0" g="1.0" b="1.0" a="1"/>
					<Anchors>
						<Anchor point="TOPLEFT" relativeTo="CryolysisButtonMenu" relativeFrom="TOPLEFT">
							<Offset>
								<AbsDimension x="200" y="-200"/>
							</Offset>
						</Anchor>
					</Anchors>
				</FontString>	
				<FontString name="CryolysisQuickBuff_Option" inherits="GameFontNormalSmall">
					<Color r="1.0" g="1.0" b="1.0" a="1"/>
					<Anchors>
						<Anchor point="TOPLEFT" relativeTo="CryolysisButtonMenu" relativeFrom="TOPLEFT">
							<Offset>
								<AbsDimension x="60" y="-215"/>
							</Offset>
						</Anchor>
					</Anchors>
				</FontString>
			</Layer>
		</Layers>
		<Frames>
			<Slider name="CryolysisManaStoneOrder_Slider" inherits="OptionsSliderTemplate" minValue="1" maxValue="2" valueStep="1" virtual="true">
				<Size>
					<AbsDimension x="150" y="16"/>
				</Size>
				<Anchors>
					<Anchor point="CENTER" relativeTo="CryolysisButtonMenu" relativeFrom="TOP">
						<Offset>
							<AbsDimension x="0" y="-40"/>
						</Offset>
					</Anchor>
				</Anchors>
				<Scripts>	
					<OnValueChanged>
						if this:GetValue() ~= CryolysisConfig.ManaStoneOrder then
							CryolysisConfig.ManaStoneOrder =  this:GetValue();
						end
					</OnValueChanged>
				</Scripts>
			</Slider>
			<CheckButton name="CryolysisShowFood_Button" enableMouse="true" inherits="UICheckButtonTemplate" checked="false">
				<Size>
					<AbsDimension x="24" y="24"/>
				</Size>
				<Anchors>
					<Anchor point="TOPLEFT" relativeTo="CryolysisButtonMenu" relativeFrom="TOPLEFT">
						<Offset>
							<AbsDimension x="30" y="-35"/>
						</Offset>
					</Anchor>
				</Anchors>
				<Scripts>
					<OnClick>
						if (this:GetChecked()) then
							CryolysisConfig.StonePosition[1] = true;
							ShowUIPanel(CryolysisFoodButton);
						else
							CryolysisConfig.StonePosition[1] = false;
							HideUIPanel(CryolysisFoodButton);
						end
						Cryolysis_UpdateButtonsScale();
					</OnClick>
				</Scripts>
			</CheckButton>
			<CheckButton name="CryolysisShowDrink_Button" enableMouse="true" inherits="UICheckButtonTemplate" checked="false">
				<Size>
					<AbsDimension x="24" y="24"/>
				</Size>
				<Anchors>
					<Anchor point="TOPLEFT" relativeTo="CryolysisButtonMenu" relativeFrom="TOPLEFT">
						<Offset>
							<AbsDimension x="30" y="-55"/>
						</Offset>
					</Anchor>
				</Anchors>
				<Scripts>
					<OnClick>
						if (this:GetChecked()) then
							CryolysisConfig.StonePosition[2] = true;
							ShowUIPanel(CryolysisDrinkButton);
						else
							CryolysisConfig.StonePosition[2] = false;
							HideUIPanel(CryoylsisDrinkButton);
						end
						Cryolysis_UpdateButtonsScale();
					</OnClick>
				</Scripts>
			</CheckButton>
			<CheckButton name="CryolysisShowManaStone_Button" enableMouse="true" inherits="UICheckButtonTemplate" checked="false">
				<Size>
					<AbsDimension x="24" y="24"/>
				</Size>
				<Anchors>
					<Anchor point="TOPLEFT" relativeTo="CryolysisButtonMenu" relativeFrom="TOPLEFT">
						<Offset>
							<AbsDimension x="30" y="-75"/>
						</Offset>
					</Anchor>
				</Anchors>
				<Scripts>
					<OnClick>
						if (this:GetChecked()) then
							CryolysisConfig.StonePosition[3] = true;
							ShowUIPanel(CryolysisManastoneButton);
						else
							CryolysisConfig.StonePosition[3] = false;
							HideUIPanel(CryolysisManastoneButton);
						end
						Cryolysis_UpdateButtonsScale();
					</OnClick>
				</Scripts>
			</CheckButton>


			<CheckButton name="CryolysisShowLeftSpell_Button" enableMouse="true" inherits="UICheckButtonTemplate" checked="false">
				<Size>
					<AbsDimension x="24" y="24"/>
				</Size>
				<Anchors>
					<Anchor point="TOPLEFT" relativeTo="CryolysisButtonMenu" relativeFrom="TOPLEFT">
						<Offset>
							<AbsDimension x="30" y="-95"/>
						</Offset>
					</Anchor>
				</Anchors>
				<Scripts>
					<OnClick>
						if (this:GetChecked()) then
							CryolysisConfig.StonePosition[4] = true;
							ShowUIPanel(CryolysisLeftSpellButton);
						else
							CryolysisConfig.StonePosition[4] = false;
							HideUIPanel(CryolysisLeftSpellButton);
						end
						Cryolysis_UpdateButtonsScale();
					</OnClick>
				</Scripts>
			</CheckButton>


			<CheckButton name="CryolysisShowEvocation_Button" enableMouse="true" inherits="UICheckButtonTemplate" checked="false">
				<Size>
					<AbsDimension x="24" y="24"/>
				</Size>
				<Anchors>
					<Anchor point="TOPLEFT" relativeTo="CryolysisButtonMenu" relativeFrom="TOPLEFT">
						<Offset>
							<AbsDimension x="30" y="-115"/>
						</Offset>
					</Anchor>
				</Anchors>
				<Scripts>
					<OnClick>
						if (this:GetChecked()) then
							CryolysisConfig.StonePosition[5] = true;
							ShowUIPanel(CryolysisEvocationButton);
						else
							CryolysisConfig.StonePosition[5] = false;
							HideUIPanel(CryolysisEvocationButton);
						end
						Cryolysis_UpdateButtonsScale();
					</OnClick>
				</Scripts>
			</CheckButton>


			<CheckButton name="CryolysisShowRightSpell_Button" enableMouse="true" inherits="UICheckButtonTemplate" checked="false">
				<Size>
					<AbsDimension x="24" y="24"/>
				</Size>
				<Anchors>
					<Anchor point="TOPLEFT" relativeTo="CryolysisButtonMenu" relativeFrom="TOPLEFT">
						<Offset>
							<AbsDimension x="30" y="-135"/>
						</Offset>
					</Anchor>
				</Anchors>
				<Scripts>
					<OnClick>
						if (this:GetChecked()) then
							CryolysisConfig.StonePosition[6] = true;
							ShowUIPanel(CryolysisRightSpellButton);
						else
							CryolysisConfig.StonePosition[6] = false;
							HideUIPanel(CryolysisRightSpellButton);
						end
						Cryolysis_UpdateButtonsScale();
					</OnClick>
				</Scripts>
			</CheckButton>


			<CheckButton name="CryolysisShowBuffMenu_Button" enableMouse="true" inherits="UICheckButtonTemplate" checked="false">
				<Size>
					<AbsDimension x="24" y="24"/>
				</Size>
				<Anchors>
					<Anchor point="TOPLEFT" relativeTo="CryolysisButtonMenu" relativeFrom="TOPLEFT">
						<Offset>
							<AbsDimension x="30" y="-155"/>
						</Offset>
					</Anchor>
				</Anchors>
				<Scripts>
					<OnClick>
						if (this:GetChecked()) then
							CryolysisConfig.StonePosition[7] = true;
							ShowUIPanel(CryolysisBuffMenuButton);
						else
							CryolysisConfig.StonePosition[7] = false;
							HideUIPanel(CryolysisBuffMenuButton);
						end
						Cryolysis_UpdateButtonsScale();
					</OnClick>
				</Scripts>
			</CheckButton>
			<CheckButton name="CryolysisShowMount_Button" enableMouse="true" inherits="UICheckButtonTemplate" checked="false">
				<Size>
					<AbsDimension x="24" y="24"/>
				</Size>
				<Anchors>
					<Anchor point="TOPLEFT" relativeTo="CryolysisButtonMenu" relativeFrom="TOPLEFT">
						<Offset>
							<AbsDimension x="30" y="-175"/>
						</Offset>
					</Anchor>
				</Anchors>
				<Scripts>
					<OnClick>
						if (this:GetChecked()) then
							CryolysisConfig.StonePosition[8] = true;
							ShowUIPanel(CryolysisMountButton);
							Cryolysis_BagExplore();
						else
							CryolysisConfig.StonePosition[8] = false;
							HideUIPanel(CryolysisMountButton);
						end
						Cryolysis_UpdateButtonsScale();
					</OnClick>
				</Scripts>
			</CheckButton>
			<CheckButton name="CryolysisShowPortalMenu_Button" enableMouse="true" inherits="UICheckButtonTemplate" checked="false">
				<Size>
					<AbsDimension x="24" y="24"/>
				</Size>
				<Anchors>
					<Anchor point="TOPLEFT" relativeTo="CryolysisButtonMenu" relativeFrom="TOPLEFT">
						<Offset>
							<AbsDimension x="30" y="-195"/>
						</Offset>
					</Anchor>
				</Anchors>
				<Scripts>
					<OnClick>
						if (this:GetChecked()) then
							CryolysisConfig.StonePosition[9] = true;
							ShowUIPanel(CryolysisPortalMenuButton);
						else
							CryolysisConfig.StonePosition[9] = false;
							HideUIPanel(CryolysisPortalMenuButton);
						end
						Cryolysis_UpdateButtonsScale();
					</OnClick>
				</Scripts>
			</CheckButton>
			<CheckButton name="CryolysisQuickBuff_Button" enableMouse="true" inherits="UICheckButtonTemplate" checked="false">
				<Size>
					<AbsDimension x="24" y="24"/>
				</Size>
				<Anchors>
					<Anchor point="TOPLEFT" relativeTo="CryolysisButtonMenu" relativeFrom="TOPLEFT">
						<Offset>
							<AbsDimension x="30" y="-210"/>
						</Offset>
					</Anchor>
				</Anchors>
				<Scripts>
					<OnClick>
						if (this:GetChecked()) then
							CryolysisConfig.QuickBuff = true;
						else
							CryolysisConfig.QuickBuff = false;
						end
					</OnClick>
				</Scripts>
			</CheckButton>
			<CheckButton name="CryolysisFoodText_Button" enableMouse="true" inherits="UICheckButtonTemplate" checked="false">
				<Size>
					<AbsDimension x="24" y="24"/>
				</Size>
				<Anchors>
					<Anchor point="TOPLEFT" relativeTo="CryolysisButtonMenu" relativeFrom="TOPLEFT">
						<Offset>
							<AbsDimension x="175" y="-35"/>
						</Offset>
					</Anchor>
				</Anchors>
				<Scripts>
					<OnClick>
						if (this:GetChecked()) then
							CryolysisConfig.FoodCountText = true;
						else
							CryolysisConfig.FoodCountText = false;
						end
					</OnClick>
				</Scripts>
			</CheckButton>
			<CheckButton name="CryolysisDrinkText_Button" enableMouse="true" inherits="UICheckButtonTemplate" checked="false">
				<Size>
					<AbsDimension x="24" y="24"/>
				</Size>
				<Anchors>
					<Anchor point="TOPLEFT" relativeTo="CryolysisButtonMenu" relativeFrom="TOPLEFT">
						<Offset>
							<AbsDimension x="175" y="-55"/>
						</Offset>
					</Anchor>
				</Anchors>
				<Scripts>
					<OnClick>
						if (this:GetChecked()) then
							CryolysisConfig.DrinkCountText = true;
						else
							CryolysisConfig.DrinkCountText = false;
						end
					</OnClick>
				</Scripts>
			</CheckButton>
			<CheckButton name="CryolysisManaStoneText_Button" enableMouse="true" inherits="UICheckButtonTemplate" checked="false">
				<Size>
					<AbsDimension x="24" y="24"/>
				</Size>
				<Anchors>
					<Anchor point="TOPLEFT" relativeTo="CryolysisButtonMenu" relativeFrom="TOPLEFT">
						<Offset>
							<AbsDimension x="175" y="-75"/>
						</Offset>
					</Anchor>
				</Anchors>
				<Scripts>
					<OnClick>
						if (this:GetChecked()) then
							CryolysisConfig.ManastoneCooldownText = true;
						else
							CryolysisConfig.ManastoneCooldownText = false;
						end
					</OnClick>
				</Scripts>
			</CheckButton>
			<Slider name="CryolysisLeftSpell_Slider" inherits="SpellButtonSliderTemplate" virtual="true">
				<Size>
					<AbsDimension x="120" y="16"/>
				</Size>
				<Anchors>
					<Anchor point="CENTER" relativeTo="CryolysisButtonMenu" relativeFrom="TOP">
						<Offset>
							<AbsDimension x="70" y="120"/>
						</Offset>
					</Anchor>
				</Anchors>
				<Scripts>
					<OnEnter>
						GameTooltip:SetOwner(this, "ANCHOR_RIGHT");
						if (this:GetValue() == 1) then
							GameTooltip:SetText(CRYOLYSIS_CONFIGURATION.SpellButton.Armor);
						elseif (this:GetValue() == 2) then
							GameTooltip:SetText(CRYOLYSIS_CONFIGURATION.SpellButton.ArcaneInt);
						elseif (this:GetValue() == 3) then
							GameTooltip:SetText(CRYOLYSIS_CONFIGURATION.SpellButton.DampenMagic);
						elseif (this:GetValue() == 4) then
							GameTooltip:SetText(CRYOLYSIS_CONFIGURATION.SpellButton.IceBarrier);
						elseif (this:GetValue() == 5) then
							GameTooltip:SetText(CRYOLYSIS_CONFIGURATION.SpellButton.FireWard);
						elseif (this:GetValue() == 6) then
							GameTooltip:SetText(CRYOLYSIS_CONFIGURATION.SpellButton.DetectMagic);
						elseif (this:GetValue() == 7) then
							GameTooltip:SetText(CRYOLYSIS_CONFIGURATION.SpellButton.RemoveCurse);
						elseif (this:GetValue() == 8) then
							GameTooltip:SetText(CRYOLYSIS_CONFIGURATION.SpellButton.SlowFall);
						end
					</OnEnter>
					<OnValueChanged>
						GameTooltip:SetOwner(this, "ANCHOR_RIGHT");
						if (this:GetValue() == 1) then
							GameTooltip:SetText(CRYOLYSIS_CONFIGURATION.SpellButton.Armor);
						elseif (this:GetValue() == 2) then
							GameTooltip:SetText(CRYOLYSIS_CONFIGURATION.SpellButton.ArcaneInt);
						elseif (this:GetValue() == 3) then
							GameTooltip:SetText(CRYOLYSIS_CONFIGURATION.SpellButton.DampenMagic);
						elseif (this:GetValue() == 4) then
							GameTooltip:SetText(CRYOLYSIS_CONFIGURATION.SpellButton.IceBarrier);
						elseif (this:GetValue() == 5) then
							GameTooltip:SetText(CRYOLYSIS_CONFIGURATION.SpellButton.FireWard);
						elseif (this:GetValue() == 6) then
							GameTooltip:SetText(CRYOLYSIS_CONFIGURATION.SpellButton.DetectMagic);
						elseif (this:GetValue() == 7) then
							GameTooltip:SetText(CRYOLYSIS_CONFIGURATION.SpellButton.RemoveCurse);
						elseif (this:GetValue() == 8) then
							GameTooltip:SetText(CRYOLYSIS_CONFIGURATION.SpellButton.SlowFall);
						end
						CryolysisConfig.LeftSpell = this:GetValue();
						CryolysisButtonTexture.Stones.Base[4] = 0;
					</OnValueChanged>
					<OnLeave>
						GameTooltip:Hide();
					</OnLeave>
				</Scripts>
			</Slider>
			<CheckButton name="CryolysisEvocationText_Button" enableMouse="true" inherits="UICheckButtonTemplate" checked="false">
				<Size>
					<AbsDimension x="24" y="24"/>
				</Size>
				<Anchors>
					<Anchor point="TOPLEFT" relativeTo="CryolysisButtonMenu" relativeFrom="TOPLEFT">
						<Offset>
							<AbsDimension x="175" y="-115"/>
						</Offset>
					</Anchor>
				</Anchors>
				<Scripts>
					<OnClick>
						if (this:GetChecked()) then
							CryolysisConfig.EvocationCooldownText = true;
						else
							CryolysisConfig.EvocationCooldownText = false;
						end
					</OnClick>
				</Scripts>
			</CheckButton>
			<Slider name="CryolysisRightSpell_Slider" inherits="SpellButtonSliderTemplate" virtual="true">
				<Size>
					<AbsDimension x="120" y="16"/>
				</Size>
				<Anchors>
					<Anchor point="CENTER" relativeTo="CryolysisButtonMenu" relativeFrom="TOP">
						<Offset>
							<AbsDimension x="70" y="80"/>
						</Offset>
					</Anchor>
				</Anchors>
				<Scripts>	
					<OnValueChanged>
						GameTooltip:SetOwner(this, "ANCHOR_RIGHT");
						if (this:GetValue() == 1) then
							GameTooltip:SetText(CRYOLYSIS_CONFIGURATION.SpellButton.Armor);
						elseif (this:GetValue() == 2) then
							GameTooltip:SetText(CRYOLYSIS_CONFIGURATION.SpellButton.ArcaneInt);
						elseif (this:GetValue() == 3) then
							GameTooltip:SetText(CRYOLYSIS_CONFIGURATION.SpellButton.DampenMagic);
						elseif (this:GetValue() == 4) then
							GameTooltip:SetText(CRYOLYSIS_CONFIGURATION.SpellButton.IceBarrier);
						elseif (this:GetValue() == 5) then
							GameTooltip:SetText(CRYOLYSIS_CONFIGURATION.SpellButton.FireWard);
						elseif (this:GetValue() == 6) then
							GameTooltip:SetText(CRYOLYSIS_CONFIGURATION.SpellButton.DetectMagic);
						elseif (this:GetValue() == 7) then
							GameTooltip:SetText(CRYOLYSIS_CONFIGURATION.SpellButton.RemoveCurse);
						elseif (this:GetValue() == 8) then
							GameTooltip:SetText(CRYOLYSIS_CONFIGURATION.SpellButton.SlowFall);
						end
						CryolysisConfig.RightSpell = this:GetValue();
						CryolysisButtonTexture.Stones.Base[6] = 0;
					</OnValueChanged>
					<OnLeave>
						GameTooltip:Hide();
					</OnLeave>
				</Scripts>
			</Slider>
			<CheckButton name="CryolysisFeatherText_Button" enableMouse="true" inherits="UICheckButtonTemplate" checked="false">
				<Size>
					<AbsDimension x="24" y="24"/>
				</Size>
				<Anchors>
					<Anchor point="TOPLEFT" relativeTo="CryolysisButtonMenu" relativeFrom="TOPLEFT">
						<Offset>
							<AbsDimension x="175" y="-155"/>
						</Offset>
					</Anchor>
				</Anchors>
				<Scripts>
					<OnClick>
						if (this:GetChecked()) then
							CryolysisConfig.FeatherCountText = true;
						else
							CryolysisConfig.FeatherCountText = false;
						end
					</OnClick>
				</Scripts>
			</CheckButton>
			<CheckButton name="CryolysisPowderText_Button" enableMouse="true" inherits="UICheckButtonTemplate" checked="false">
				<Size>
					<AbsDimension x="24" y="24"/>
				</Size>
				<Anchors>
					<Anchor point="TOPLEFT" relativeTo="CryolysisButtonMenu" relativeFrom="TOPLEFT">
						<Offset>
							<AbsDimension x="175" y="-175"/>
						</Offset>
					</Anchor>
				</Anchors>
				<Scripts>
					<OnClick>
						if (this:GetChecked()) then
							CryolysisConfig.PowderCountText = true;
						else
							CryolysisConfig.PowderCountText = false;
						end
					</OnClick>
				</Scripts>
			</CheckButton>
			<CheckButton name="CryolysisRuneText_Button" enableMouse="true" inherits="UICheckButtonTemplate" checked="false">
				<Size>
					<AbsDimension x="24" y="24"/>
				</Size>
				<Anchors>
					<Anchor point="TOPLEFT" relativeTo="CryolysisButtonMenu" relativeFrom="TOPLEFT">
						<Offset>
							<AbsDimension x="175" y="-195"/>
						</Offset>
					</Anchor>
				</Anchors>
				<Scripts>
					<OnClick>
						if (this:GetChecked()) then
							CryolysisConfig.RuneCountText = true;
						else
							CryolysisConfig.RuneCountText = false;
						end
					</OnClick>
				</Scripts>
			</CheckButton>
			
			
			
			
			
			
			
			

  
       <Button name="ReorderLeft">
        <Size>
          <AbsDimension x="29" y="29"/>
        </Size>
				<Anchors>
					<Anchor point="TOPLEFT" relativeTo="CryolysisButtonMenu" relativeFrom="TOPLEFT">
						<Offset>
							<AbsDimension x="22" y="-300"/>
						</Offset>
					</Anchor>
				</Anchors>
        <NormalTexture file="Interface\Buttons\UI-SpellbookIcon-PrevPage-Up"/>
        <PushedTexture file="Interface\Buttons\UI-SpellbookIcon-PrevPage-Down"/>
        <DisabledTexture file="Interface\Buttons\UI-SpellbookIcon-PrevPage-Disabled"/>
        <HighlightTexture file="Interface\Buttons\UI-Common-MouseHilight" alphaMode="ADD"/>
        <Scripts>
          <OnClick>
            Reorder.Move_OnClick(-1)
          </OnClick>
        </Scripts>
      </Button>
      <Button name="Reorder1" inherits="ReorderTemplate" id="1">
        <Anchors>
          <Anchor point="LEFT" relativeTo="ReorderLeft" relativePoint="RIGHT"/>
        </Anchors>
      </Button>
      <Button name="Reorder2" inherits="ReorderTemplate" id="2">
        <Anchors>
          <Anchor point="LEFT" relativeTo="Reorder1" relativePoint="RIGHT"/>
        </Anchors>
      </Button>
      <Button name="Reorder3" inherits="ReorderTemplate" id="3">
        <Anchors>
          <Anchor point="LEFT" relativeTo="Reorder2" relativePoint="RIGHT"/>
        </Anchors>
      </Button>
      <Button name="Reorder4" inherits="ReorderTemplate" id="4">
        <Anchors>
          <Anchor point="LEFT" relativeTo="Reorder3" relativePoint="RIGHT"/>
        </Anchors>
      </Button>
      <Button name="Reorder5" inherits="ReorderTemplate" id="5">
        <Anchors>
          <Anchor point="LEFT" relativeTo="Reorder4" relativePoint="RIGHT"/>
        </Anchors>
      </Button>
	  <Button name="Reorder6" inherits="ReorderTemplate" id="6">
        <Anchors>
          <Anchor point="LEFT" relativeTo="Reorder5" relativePoint="RIGHT"/>
        </Anchors>
      </Button>
	  <Button name="Reorder7" inherits="ReorderTemplate" id="7">
        <Anchors>
          <Anchor point="LEFT" relativeTo="Reorder6" relativePoint="RIGHT"/>
        </Anchors>
      </Button>
	  <Button name="Reorder8" inherits="ReorderTemplate" id="8">
        <Anchors>
          <Anchor point="LEFT" relativeTo="Reorder7" relativePoint="RIGHT"/>
        </Anchors>
      </Button>
	  <Button name="Reorder9" inherits="ReorderTemplate" id="9">
        <Anchors>
          <Anchor point="LEFT" relativeTo="Reorder8" relativePoint="RIGHT"/>
        </Anchors>
      </Button>
      <Button name="ReorderRight">
        <Size>
          <AbsDimension x="29" y="29"/>
        </Size>
        <Anchors>
          <Anchor point="LEFT" relativeTo="Reorder9" relativePoint="RIGHT"/>
        </Anchors>
        <NormalTexture file="Interface\Buttons\UI-SpellbookIcon-NextPage-Up"/>
        <PushedTexture file="Interface\Buttons\UI-SpellbookIcon-NextPage-Down"/>
        <DisabledTexture file="Interface\Buttons\UI-SpellbookIcon-NextPage-Disabled"/>
        <HighlightTexture file="Interface\Buttons\UI-Common-MouseHilight" alphaMode="ADD"/>
        <Scripts>
          <OnClick>
            Reorder.Move_OnClick(1)
          </OnClick>
        </Scripts>
      </Button>




			
			
			
			
		</Frames>
     		<Scripts>
        		<OnLoad>
					Reorder.OnLoad();
				HideUIPanel(CryolysisButtonMenu);
			</OnLoad>
		</Scripts>
	</Frame>
</Ui>
