<Ui xmlns="http://www.blizzard.com/wow/ui/" xmlns:xsi="http://www.w3.org/2001/XMLSchema-instance" xsi:schemaLocation="http://www.blizzard.com/wow/ui/..\FrameXML\UI.xsd">

	<Frame name="CryolysisMessageMenu" frameStrata="DIALOG" movable="false" enableMouse="true" parent="CryolysisGeneralFrame">
		<Size>
			<AbsDimension x="350" y="452"/>
		</Size>
		<Anchors>
			<Anchor point="BOTTOMLEFT" relativeTo="CryolysisGeneralFrame"/>
		</Anchors>
		<HitRectInsets>
			<AbsInset left="0" right="35" top="0" bottom="75"/>
		</HitRectInsets>
		<Layers>
			<Layer level="ARTWORK">
				<FontString name="CryolysisMessagePlayer_Section" inherits="GameFontNormalSmall">
					<Color r="1.0" g="0.5" b="1.0" a="1"/>
					<Anchors>
						<Anchor point="TOPLEFT" relativeTo="CryolysisMessageMenu" relativeFrom="TOPLEFT">
							<Offset>
								<AbsDimension x="30" y="-65"/>
							</Offset>
						</Anchor>
					</Anchors>
				</FontString>
				<FontString name="CryolysisShowTooltips_Option" inherits="GameFontNormalSmall">
					<Color r="1.0" g="1.0" b="1.0" a="1"/>
					<Anchors>
						<Anchor point="TOPLEFT" relativeTo="CryolysisMessageMenu" relativeFrom="TOPLEFT">
							<Offset>
								<AbsDimension x="60" y="-90"/>
							</Offset>
						</Anchor>
					</Anchors>
				</FontString>
				<FontString name="CryolysisSound_Option" inherits="GameFontNormalSmall">
					<Color r="1.0" g="1.0" b="1.0" a="1"/>
					<Anchors>
						<Anchor point="TOPLEFT" relativeTo="CryolysisMessageMenu" relativeFrom="TOPLEFT">
							<Offset>
								<AbsDimension x="60" y="-110"/>
							</Offset>
						</Anchor>
					</Anchors>
				</FontString>
				<FontString name="CryolysisPolyBreak_Option" inherits="GameFontNormalSmall">
					<Color r="1.0" g="1.0" b="1.0" a="1"/>
					<Anchors>
						<Anchor point="TOPLEFT" relativeTo="CryolysisMessageMenu" relativeFrom="TOPLEFT">
							<Offset>
								<AbsDimension x="70" y="-130"/>
							</Offset>
						</Anchor>
					</Anchors>
				</FontString>
				<FontString name="CryolysisPolyWarn_Option" inherits="GameFontNormalSmall">
					<Color r="1.0" g="1.0" b="1.0" a="1"/>
					<Anchors>
						<Anchor point="TOPLEFT" relativeTo="CryolysisMessageMenu" relativeFrom="TOPLEFT">
							<Offset>
								<AbsDimension x="70" y="-150"/>
							</Offset>
						</Anchor>
					</Anchors>
				</FontString>

				<FontString name="CryolysisChatType_Option" inherits="GameFontNormalSmall">
					<Color r="1.0" g="1.0" b="1.0" a="1"/>
					<Anchors>
						<Anchor point="TOPLEFT" relativeTo="CryolysisMessageMenu" relativeFrom="TOPLEFT">
							<Offset>
								<AbsDimension x="60" y="-190"/>
							</Offset>
						</Anchor>
					</Anchors>
				</FontString>


				<FontString name="CryolysisShowMessage_Option" inherits="GameFontNormalSmall">
					<Color r="1.0" g="1.0" b="1.0" a="1"/>
					<Anchors>
						<Anchor point="TOPLEFT" relativeTo="CryolysisMessageMenu" relativeFrom="TOPLEFT">
							<Offset>
								<AbsDimension x="60" y="-240"/>
							</Offset>
						</Anchor>
					</Anchors>
				</FontString>
				<FontString name="CryolysisShowPolyMessage_Option" inherits="GameFontNormalSmall">
					<Color r="1.0" g="1.0" b="1.0" a="1"/>
					<Anchors>
						<Anchor point="TOPLEFT" relativeTo="CryolysisMessageMenu" relativeFrom="TOPLEFT">
							<Offset>
								<AbsDimension x="70" y="-260"/>
							</Offset>
						</Anchor>
					</Anchors>
				</FontString>
				<FontString name="CryolysisShowPortalMessage_Option" inherits="GameFontNormalSmall">
					<Color r="1.0" g="1.0" b="1.0" a="1"/>
					<Anchors>
						<Anchor point="TOPLEFT" relativeTo="CryolysisMessageMenu" relativeFrom="TOPLEFT">
							<Offset>
								<AbsDimension x="70" y="-280"/>
							</Offset>
						</Anchor>
					</Anchors>
				</FontString>
				<FontString name="CryolysisShowSteedMessage_Option" inherits="GameFontNormalSmall">
					<Color r="1.0" g="1.0" b="1.0" a="1"/>
					<Anchors>
						<Anchor point="TOPLEFT" relativeTo="CryolysisMessageMenu" relativeFrom="TOPLEFT">
							<Offset>
								<AbsDimension x="70" y="-300"/>
							</Offset>
						</Anchor>
					</Anchors>
				</FontString>

			</Layer>
		</Layers>
		<Frames>
			<Slider name="CryolysisLanguage_Slider" inherits="OptionsSliderTemplate" minValue="1" maxValue="5" valueStep="1" virtual="true">
				<Size>
					<AbsDimension x="150" y="16"/>
				</Size>
				<Anchors>
					<Anchor point="CENTER" relativeTo="CryolysisMessageMenu" relativeFrom="TOP">
						<Offset>
							<AbsDimension x="0" y="180"/>
						</Offset>
					</Anchor>
				</Anchors>
				<Scripts>
					<OnEnter>
						GameTooltip:SetOwner(this, "ANCHOR_RIGHT");
						if (this:GetValue() == 1) then
							GameTooltip:SetText("Francais");
						elseif (this:GetValue() == 2) then
							GameTooltip:SetText("English");
						elseif (this:GetValue() == 3) then
							GameTooltip:SetText("Deutsch");
						elseif (this:GetValue() == 4) then
							GameTooltip:SetText("繁體中文(Traditional Chinese)");
						else
							GameTooltip:SetText("简体中文(Simplified Chinese)");
						end
					</OnEnter>
					<OnValueChanged>
						GameTooltip:SetText(this:GetValue());
						if (this:GetValue() == 1) then
							GameTooltip:SetText("Francais");
							CryolysisConfig.CryolysisLanguage = "frFR";
							Cryolysis_Localization_Dialog_Fr();
						elseif (this:GetValue() == 2) then
							GameTooltip:SetText("English");
							CryolysisConfig.CryolysisLanguage = "enUS";
							Cryolysis_Localization_Dialog_En();
						elseif (this:GetValue() == 3) then
							GameTooltip:SetText("Deutsch");
							CryolysisConfig.CryolysisLanguage = "deDE";
							Cryolysis_Localization_Dialog_De();
						elseif (this:GetValue() == 4) then
							GameTooltip:SetText("繁體中文(Traditional Chinese)");
							CryolysisConfig.CryolysisLanguage = "zhTW";
							Cryolysis_Localization_Dialog_Tw();
						else
							GameTooltip:SetText("简体中文(Simplified Chinese)");
							CryolysisConfig.CryolysisLanguage = "zhCN";
							Cryolysis_Localization_Dialog_Cn();
						end
						Cryolysis_LanguageInitialize();
					</OnValueChanged>
					<OnLeave>
						GameTooltip:Hide();
					</OnLeave>
				</Scripts>
			</Slider>
			<CheckButton name="CryolysisShowTooltips_Button" enableMouse="true" inherits="UICheckButtonTemplate" checked="false">
				<Size>
					<AbsDimension x="24" y="24"/>
				</Size>
				<Color r="1.0" g="0.5" b="1.0" a="1"/>
				<Anchors>
					<Anchor point="TOPLEFT" relativeTo="CryolysisMessageMenu" relativeFrom="TOPLEFT">
						<Offset>
							<AbsDimension x="30" y="-85"/>
						</Offset>
					</Anchor>
				</Anchors>
				<Scripts>
					<OnClick>
						if (this:GetChecked()) then
							CryolysisConfig.CryolysisToolTip = true;
							Cryolysis_Msg(CRYOLYSIS_MESSAGE.Interface.TooltipOn, "USER");
						else
							CryolysisConfig.CryolysisToolTip = false;
							Cryolysis_Msg(CRYOLYSIS_MESSAGE.Interface.TooltipOff, "USER");
						end
						Cryolysis_UpdateButtonsScale();
					</OnClick>
				</Scripts>
			</CheckButton>
			<CheckButton name="CryolysisSound_Button" enableMouse="true" inherits="UICheckButtonTemplate" checked="false">
				<Size>
					<AbsDimension x="24" y="24"/>
				</Size>
				<Anchors>
					<Anchor point="TOPLEFT" relativeTo="CryolysisMessageMenu" relativeFrom="TOPLEFT">
						<Offset>
							<AbsDimension x="30" y="-105"/>
						</Offset>
					</Anchor>
				</Anchors>
				<Scripts>
					<OnClick>
						if (this:GetChecked()) then
							CryolysisConfig.Sound = true;
						else
							CryolysisConfig.Sound = false;
						end
					</OnClick>
				</Scripts>
			</CheckButton>

			<CheckButton name="CryolysisPolyBreak_Button" enableMouse="true" inherits="UICheckButtonTemplate" checked="false">
				<Size>
					<AbsDimension x="24" y="24"/>
				</Size>
				<Anchors>
					<Anchor point="TOPLEFT" relativeTo="CryolysisMessageMenu" relativeFrom="TOPLEFT">
						<Offset>
							<AbsDimension x="45" y="-125"/>
						</Offset>
					</Anchor>
				</Anchors>
				<Scripts>
					<OnClick>
						if (this:GetChecked()) then
							CryolysisConfig.PolyBreak = true;
						else
							CryolysisConfig.PolyBreak = false;
						end
					</OnClick>
				</Scripts>
			</CheckButton>
			<CheckButton name="CryolysisPolyWarn_Button" enableMouse="true" inherits="UICheckButtonTemplate" checked="false">
				<Size>
					<AbsDimension x="24" y="24"/>
				</Size>
				<Anchors>
					<Anchor point="TOPLEFT" relativeTo="CryolysisMessageMenu" relativeFrom="TOPLEFT">
						<Offset>
							<AbsDimension x="45" y="-145"/>
						</Offset>
					</Anchor>
				</Anchors>
				<Scripts>
					<OnClick>
						if (this:GetChecked()) then
							CryolysisConfig.PolyWarn = true;
						else
							CryolysisConfig.PolyWarn = false;
						end
					</OnClick>
				</Scripts>
			</CheckButton>
			<Slider name="CryolysisPolyWarn_Slider" inherits="OptionsSliderTemplate" minValue="2" maxValue="15" valueStep="1" virtual="true">
				<Size>
					<AbsDimension x="150" y="16"/>
				</Size>
				<Anchors>
					<Anchor point="CENTER" relativeTo="CryolysisMessageMenu" relativeFrom="TOP">
						<Offset>
							<AbsDimension x="0" y="50"/>
						</Offset>
					</Anchor>
				</Anchors>
				<Scripts>
					<OnEnter>
						GameTooltip:SetOwner(this, "ANCHOR_RIGHT");
						GameTooltip:SetText(this:GetValue().." secs");
					</OnEnter>
					<OnValueChanged>
						GameTooltip:SetText(this:GetValue().." secs");
						CryolysisConfig.PolyWarnTime = this:GetValue();
					</OnValueChanged>
					<OnLeave>
						GameTooltip:Hide();
					</OnLeave>
				</Scripts>
			</Slider>
			<CheckButton name="CryolysisChatType_Button" enableMouse="true" inherits="UICheckButtonTemplate" checked="false">
				<Size>
					<AbsDimension x="24" y="24"/>
				</Size>
				<Anchors>
					<Anchor point="TOPLEFT" relativeTo="CryolysisMessageMenu" relativeFrom="TOPLEFT">
						<Offset>
							<AbsDimension x="30" y="-185"/>
						</Offset>
					</Anchor>
				</Anchors>
				<Scripts>
					<OnClick>
						if (this:GetChecked()) then
							CryolysisConfig.ChatType = false;
						else
							CryolysisConfig.ChatType = true;
						end
						Cryolysis_Msg(CRYOLYSIS_MESSAGE.Interface.MessagePosition, "USER");
					</OnClick>
				</Scripts>
			</CheckButton>

			<CheckButton name="CryolysisShowMessage_Button" enableMouse="true" inherits="UICheckButtonTemplate" checked="false">
				<Size>
					<AbsDimension x="24" y="24"/>
				</Size>
				<Anchors>
					<Anchor point="TOPLEFT" relativeTo="CryolysisMessageMenu" relativeFrom="TOPLEFT">
						<Offset>
							<AbsDimension x="30" y="-235"/>
						</Offset>
					</Anchor>
				</Anchors>
				<Scripts>
					<OnClick>
						if (this:GetChecked()) then
							CryolysisConfig.ChatMsg = true;
						else
							CryolysisConfig.ChatMsg = false;
						end
					</OnClick>
				</Scripts>
			</CheckButton>
			<CheckButton name="CryolysisShowPolyMessage_Button" enableMouse="true" inherits="UICheckButtonTemplate" checked="false">
				<Size>
					<AbsDimension x="24" y="24"/>
				</Size>
				<Anchors>
					<Anchor point="TOPLEFT" relativeTo="CryolysisMessageMenu" relativeFrom="TOPLEFT">
						<Offset>
							<AbsDimension x="45" y="-255"/>
						</Offset>
					</Anchor>
				</Anchors>
				<Scripts>
					<OnClick>
						if (this:GetChecked()) then
							CryolysisConfig.PolyMessage = true;
						else
							CryolysisConfig.PolyMessage = false;
						end
					</OnClick>
				</Scripts>
			</CheckButton>
			<CheckButton name="CryolysisShowPortalMessage_Button" enableMouse="true" inherits="UICheckButtonTemplate" checked="false">
				<Size>
					<AbsDimension x="24" y="24"/>
				</Size>
				<Anchors>
					<Anchor point="TOPLEFT" relativeTo="CryolysisMessageMenu" relativeFrom="TOPLEFT">
						<Offset>
							<AbsDimension x="45" y="-275"/>
						</Offset>
					</Anchor>
				</Anchors>
				<Scripts>
					<OnClick>
						if (this:GetChecked()) then
							CryolysisConfig.PortalMessage = true;
						else
							CryolysisConfig.PortalMessage = false;
						end
					</OnClick>
				</Scripts>
			</CheckButton>
			<CheckButton name="CryolysisShowSteedMessage_Button" enableMouse="true" inherits="UICheckButtonTemplate" checked="false">
				<Size>
					<AbsDimension x="24" y="24"/>
				</Size>
				<Anchors>
					<Anchor point="TOPLEFT" relativeTo="CryolysisMessageMenu" relativeFrom="TOPLEFT">
						<Offset>
							<AbsDimension x="45" y="-295"/>
						</Offset>
					</Anchor>
				</Anchors>
				<Scripts>
					<OnClick>
						if (this:GetChecked()) then
							CryolysisConfig.SteedMessage = true;
						else
							CryolysisConfig.SteedMessage = false;
						end
					</OnClick>
				</Scripts>
			</CheckButton>
		</Frames>
     		<Scripts>
        		<OnLoad>
				HideUIPanel(CryolysisMessageMenu);
			</OnLoad>
		</Scripts>
	</Frame>
</Ui>
