<!-- Options Pane Definition -->

<Ui xmlns="http://www.blizzard.com/wow/ui/" xmlns:xsi="http://www.w3.org/2001/XMLSchema-instance"   xsi:schemaLocation="http://www.blizzard.com/wow/ui/"> 
	
	<!-- LOAD OPTION FRAME (HIDDEN) -->
	<Frame name="SCTDOptions" parent="SCTOptions" hidden="true" >
		<Size>
			<AbsDimension x="450" y="302"/>
		</Size>
		<Anchors>
			<Anchor point="TOPLEFT" relativeTo="SCTOptions_MainFrame" relativePoint="TOPLEFT">
				<Offset>
            <AbsDimension x="0" y="-2"/>
        </Offset>
      </Anchor>
		</Anchors>
		<Frames>
			<Frame enableMouse="true">
				<Size>
					<AbsDimension x="450" y="302"/>
				</Size>
				<Anchors>
					<Anchor point="TOPLEFT"/>
				</Anchors>
				<Layers>
					<Layer>
		        <FontString name="SCTOptionsFrame_Misc101" inherits="GameFontHighlight">
		            <Anchors>
		                <Anchor point="TOP">
		                    <Offset>
		                        <AbsDimension x="0" y="-5"/>
		                    </Offset>
		                </Anchor>
		            </Anchors>
		        </FontString>
					</Layer>
				</Layers>
				<Frames>
					
					<CheckButton name="SCTOptionsFrame_CheckButton101" inherits="SCTCheckTemplate">
						<Anchors>
							<Anchor point="TOPLEFT">
								<Offset>
									<AbsDimension x="10" y="0" />
								</Offset>
							</Anchor>
						</Anchors>
					</CheckButton>
					
					<Button name="SCTOptionsFrame_Misc104" inherits="SCTButtonTemplate">
						<Size>
							<AbsDimension x="110" y="21"/>
						</Size>
						<Anchors>
							<Anchor point="TOP" relativePoint="TOP">
								<Offset>
									<AbsDimension x="-125" y="-25" />
								</Offset>
							</Anchor>
						</Anchors>
						<Scripts>
							<OnClick>
								SCTD:OptionFrameTabClick();
							</OnClick>
						</Scripts>
					</Button>
					
					<Button name="SCTOptionsFrame_Misc105" inherits="SCTButtonTemplate">
						<Size>
							<AbsDimension x="110" y="21"/>
						</Size>
						<Anchors>
							<Anchor point="TOP" relativePoint="TOP">
								<Offset>
									<AbsDimension x="0" y="-25" />
								</Offset>
							</Anchor>
						</Anchors>
						<Scripts>
							<OnClick>
								SCTD:OptionFrameTabClick();
							</OnClick>
						</Scripts>
					</Button>
					
					<Button name="SCTOptionsFrame_Misc106" inherits="SCTButtonTemplate">
						<Size>
							<AbsDimension x="110" y="21"/>
						</Size>
						<Anchors>
							<Anchor point="TOP" relativePoint="TOP">
								<Offset>
									<AbsDimension x="125" y="-25" />
								</Offset>
							</Anchor>
						</Anchors>
						<Scripts>
							<OnClick>
								SCT_EXAMPLETEXT:Show();
								SCTaniExampleData1:SetTextColor(1, 1, 1);
								SCTaniExampleData2:SetTextColor(1, 1, 1);
								SCTMsgExample1:SetTextColor(1, 1, 1);
								SCTD:OptionFrameTabClick();
							</OnClick>
						</Scripts>
					</Button>
					
					<Frame name="SCTDOptions_EventsFrame" hidden="true">
						<Size>
							<AbsDimension x="450" y="305"/>
						</Size>
						<Anchors>
							<Anchor point="TOPLEFT" relativePoint="TOPLEFT"/>
						</Anchors>
						<Frames>
							
										
							<Frame name="SCTOptionsFrame101" inherits="SCTEventOptionTemplate">
								<Anchors>
									<Anchor point="TOP" relativePoint="TOP">
										<Offset>
											<AbsDimension x="0" y="-60" />
										</Offset>
									</Anchor>
								</Anchors>
								<Scripts>
									<OnLoad>
										SCTOptionsFrame101_RadioFrame1Button:Hide();
										SCTOptionsFrame101_RadioFrame2Button:Hide();
										SCTOptionsFrame101_RadioMsgButton:Hide();
										SCTOptionsFrame101_CritCheckButton:Hide();
										SCTOptionsFrame101_CheckButton:SetPoint("LEFT", "SCTOptionsFrame101_ColorSwatch", "RIGHT", 0,0);
									</OnLoad>
								</Scripts>
							</Frame>
							
							<Frame name="SCTOptionsFrame102" inherits="SCTEventOptionTemplate">
								<Anchors>
									<Anchor point="LEFT" relativeTo="SCTOptionsFrame101" relativePoint="LEFT">
										<Offset>
											<AbsDimension x="0" y="-27" />
										</Offset>
									</Anchor>
								</Anchors>
								<Scripts>
									<OnLoad>
										SCTOptionsFrame102_RadioFrame1Button:Hide();
										SCTOptionsFrame102_RadioFrame2Button:Hide();
										SCTOptionsFrame102_RadioMsgButton:Hide();
										SCTOptionsFrame102_CritCheckButton:Hide();
										SCTOptionsFrame102_CheckButton:SetPoint("LEFT", "SCTOptionsFrame102_ColorSwatch", "RIGHT", 0,0);
									</OnLoad>
								</Scripts>
							</Frame>
							
							<Frame name="SCTOptionsFrame103" inherits="SCTEventOptionTemplate">
								<Anchors>
									<Anchor point="LEFT" relativeTo="SCTOptionsFrame102" relativePoint="LEFT">
										<Offset>
											<AbsDimension x="0" y="-27" />
										</Offset>
									</Anchor>
								</Anchors>
								<Scripts>
									<OnLoad>
										SCTOptionsFrame103_RadioFrame1Button:Hide();
										SCTOptionsFrame103_RadioFrame2Button:Hide();
										SCTOptionsFrame103_RadioMsgButton:Hide();
										SCTOptionsFrame103_CritCheckButton:Hide();
										SCTOptionsFrame103_CheckButton:SetPoint("LEFT", "SCTOptionsFrame103_ColorSwatch", "RIGHT", 0,0);
									</OnLoad>
								</Scripts>
							</Frame>
							
							<Frame name="SCTOptionsFrame104" inherits="SCTEventOptionTemplate">
								<Anchors>
									<Anchor point="LEFT" relativeTo="SCTOptionsFrame103" relativePoint="LEFT">
										<Offset>
											<AbsDimension x="0" y="-27" />
										</Offset>
									</Anchor>
								</Anchors>
								<Scripts>
									<OnLoad>
										SCTOptionsFrame104_RadioFrame1Button:Hide();
										SCTOptionsFrame104_RadioFrame2Button:Hide();
										SCTOptionsFrame104_RadioMsgButton:Hide();
										SCTOptionsFrame104_CritCheckButton:Hide();
										SCTOptionsFrame104_CheckButton:SetPoint("LEFT", "SCTOptionsFrame104_ColorSwatch", "RIGHT", 0,0);
									</OnLoad>
								</Scripts>
							</Frame>
							
							<Frame name="SCTOptionsFrame105" inherits="SCTEventOptionTemplate">
								<Anchors>
									<Anchor point="LEFT" relativeTo="SCTOptionsFrame104" relativePoint="LEFT">
										<Offset>
											<AbsDimension x="0" y="-27" />
										</Offset>
									</Anchor>
								</Anchors>
								<Scripts>
									<OnLoad>
										SCTOptionsFrame105_RadioFrame1Button:Hide();
										SCTOptionsFrame105_RadioFrame2Button:Hide();
										SCTOptionsFrame105_RadioMsgButton:Hide();
										SCTOptionsFrame105_CritCheckButton:Hide();
										SCTOptionsFrame105_CheckButton:SetPoint("LEFT", "SCTOptionsFrame105_ColorSwatch", "RIGHT", 0,0);
									</OnLoad>
								</Scripts>
							</Frame>
						</Frames>
					</Frame>
					
					<Frame name="SCTDOptions_DisplayFrame" hidden="true">
						<Size>
							<AbsDimension x="450" y="305"/>
						</Size>
						<Anchors>
							<Anchor point="TOPLEFT" relativePoint="TOPLEFT"/>
						</Anchors>
						<Frames>
							<CheckButton name="SCTOptionsFrame_CheckButton105" inherits="SCTCheckTemplate">
								<Anchors>
									<Anchor point="TOP" relativePoint="TOP">
										<Offset>
											<AbsDimension x="-100" y="-60" />
										</Offset>
									</Anchor>
								</Anchors>
							</CheckButton>
							
							<CheckButton name="SCTOptionsFrame_CheckButton103" inherits="SCTCheckTemplate">
								<Anchors>
									<Anchor point="LEFT" relativeTo="SCTOptionsFrame_CheckButton105" relativePoint="left">
										<Offset>
											<AbsDimension x="0" y="-25" />
										</Offset>
									</Anchor>
								</Anchors>
							</CheckButton>
							
							<CheckButton name="SCTOptionsFrame_CheckButton112" inherits="SCTCheckTemplate">
								<Anchors>
									<Anchor point="LEFT" relativeTo="SCTOptionsFrame_CheckButton103" relativePoint="left">
										<Offset>
											<AbsDimension x="0" y="-25" />
										</Offset>
									</Anchor>
								</Anchors>
							</CheckButton>
							
							<CheckButton name="SCTOptionsFrame_CheckButton104" inherits="SCTCheckTemplate">
								<Anchors>
									<Anchor point="LEFT" relativeTo="SCTOptionsFrame_CheckButton112" relativePoint="left">
										<Offset>
											<AbsDimension x="0" y="-25" />
										</Offset>
									</Anchor>
								</Anchors>
							</CheckButton>
							
							<CheckButton name="SCTOptionsFrame_CheckButton111" inherits="SCTCheckTemplate">
								<Anchors>
									<Anchor point="LEFT" relativeTo="SCTOptionsFrame_CheckButton105" relativePoint="RIGHT">
										<Offset>
											<AbsDimension x="70" y="0" />
										</Offset>
									</Anchor>
								</Anchors>
							</CheckButton>
							
							<CheckButton name="SCTOptionsFrame_CheckButton106" inherits="SCTCheckTemplate">
								<Anchors>
									<Anchor point="LEFT" relativeTo="SCTOptionsFrame_CheckButton111" relativePoint="left">
										<Offset>
											<AbsDimension x="0" y="-25" />
										</Offset>
									</Anchor>
								</Anchors>
							</CheckButton>
							
							<CheckButton name="SCTOptionsFrame_CheckButton108" inherits="SCTCheckTemplate">
								<Anchors>
									<Anchor point="LEFT" relativeTo="SCTOptionsFrame_CheckButton106" relativePoint="left">
										<Offset>
											<AbsDimension x="0" y="-25" />
										</Offset>
									</Anchor>
								</Anchors>
							</CheckButton>
							
							<CheckButton name="SCTOptionsFrame_CheckButton102" inherits="SCTCheckTemplate">
								<Anchors>
									<Anchor point="LEFT" relativeTo="SCTOptionsFrame_CheckButton108" relativePoint="left">
										<Offset>
											<AbsDimension x="0" y="-25" />
										</Offset>
									</Anchor>
								</Anchors>
							</CheckButton>
							
							<CheckButton name="SCTOptionsFrame_CheckButton107" inherits="SCTCheckTemplate">
								<Anchors>
									<Anchor point="LEFT" relativeTo="SCTOptionsFrame_CheckButton104" relativePoint="left">
										<Offset>
											<AbsDimension x="0" y="-25" />
										</Offset>
									</Anchor>
								</Anchors>
							</CheckButton>
						</Frames>
					</Frame>
					
					<Frame name="SCTDOptions_FrameFrame" hidden="true">
						<Size>
							<AbsDimension x="450" y="305"/>
						</Size>
						<Anchors>
							<Anchor point="TOPLEFT" relativePoint="TOPLEFT"/>
						</Anchors>
						<Frames>
							<Frame name="SCTOptionsFrame_Slider104" inherits="SCTSliderTemplate">
								<Anchors>
									<Anchor point="TOPLEFT" relativePoint="TOPLEFT">
										<Offset>
											<AbsDimension x="40" y="-70" />
										</Offset>
									</Anchor>
								</Anchors>
							</Frame>
							
							<Frame name="SCTOptionsFrame_Slider103" inherits="SCTSliderTemplate" hidden="false">
								<Anchors>
									<Anchor point="TOP" relativeTo="SCTOptionsFrame_Slider104" relativePoint="BOTTOM">
										<Offset>
											<AbsDimension x="0" y="-25" />
										</Offset>
									</Anchor>
								</Anchors>
							</Frame>
							
							<Frame name="SCTOptionsFrame_Slider105" inherits="SCTSliderTemplate" hidden="false">
								<Anchors>
									<Anchor point="TOP" relativeTo="SCTOptionsFrame_Slider104" relativePoint="BOTTOM">
										<Offset>
											<AbsDimension x="0" y="-25" />
										</Offset>
									</Anchor>
								</Anchors>
							</Frame>
							
							<Frame name="SCTOptionsFrame_Slider101" inherits="SCTSliderEditTemplate">
								<Anchors>
									<Anchor point="TOP" relativeTo="SCTOptionsFrame_Slider103" relativePoint="BOTTOM">
										<Offset>
											<AbsDimension x="0" y="-25" />
										</Offset>
									</Anchor>
								</Anchors>
							</Frame>
							
							<Frame name="SCTOptionsFrame_Slider102" inherits="SCTSliderEditTemplate">
								<Anchors>
									<Anchor point="TOP" relativeTo="SCTOptionsFrame_Slider101" relativePoint="BOTTOM">
										<Offset>
											<AbsDimension x="0" y="-25" />
										</Offset>
									</Anchor>
								</Anchors>
							</Frame>
							
							<Frame name="SCTOptionsFrame_Selection101" inherits="SCTDropdownTemplate">
								<Anchors>
									<Anchor point="TOP" relativePoint="BOTTOM" relativeTo="SCTOptionsFrame_Slider104">
										<Offset>
											<AbsDimension x="175" y="18"/>
										</Offset>
									</Anchor>
								</Anchors>
							</Frame>
							
							<Frame name="SCTOptionsFrame_Selection102" inherits="SCTDropdownTemplate">
								<Anchors>
									<Anchor point="TOP" relativeTo="SCTOptionsFrame_Selection101" relativePoint="BOTTOM">
										<Offset>
											<AbsDimension x="0" y="-8"/>
										</Offset>
									</Anchor>
								</Anchors>
							</Frame>
							
							<CheckButton name="SCTOptionsFrame_CheckButton110" inherits="SCTCheckTemplate">
								<Anchors>
									<Anchor point="TOPLEFT" relativeTo="SCTOptionsFrame_Selection102" relativePoint="BOTTOMLEFT">
										<Offset>
											<AbsDimension x="12" y="-6"/>
										</Offset>
									</Anchor>
								</Anchors>
								<Scripts>
									<OnClick>
										SCT:OptionsCheckButtonOnClick();
										SCTD:SetAnimationOptions(this);
									</OnClick>
								</Scripts>
							</CheckButton>
							
							<Frame name="SCTOptionsFrame_Selection103" inherits="SCTDropdownTemplate" hidden="false">
								<Anchors>
									<Anchor point="TOP" relativeTo="SCTOptionsFrame_Selection102" relativePoint="BOTTOM">
										<Offset>
											<AbsDimension x="0" y="-48"/>
										</Offset>
									</Anchor>
								</Anchors>
							</Frame>
							
							<Frame name="SCTOptionsFrame_Selection104" inherits="SCTDropdownTemplate" hidden="false">
								<Anchors>
									<Anchor point="TOP" relativeTo="SCTOptionsFrame_Selection103" relativePoint="BOTTOM">
										<Offset>
											<AbsDimension x="0" y="-10"/>
										</Offset>
									</Anchor>
								</Anchors>
							</Frame>
							
							<CheckButton name="SCTOptionsFrame_CheckButton113" inherits="SCTCheckTemplate" hidden="false">
								<Anchors>
									<Anchor point="TOP" relativeTo="SCTOptionsFrame_Selection103" relativePoint="BOTTOM">
										<Offset>
											<AbsDimension x="-35" y="0"/>
										</Offset>
									</Anchor>
								</Anchors>
							</CheckButton>
						</Frames>
						<Scripts>
							<OnShow>
								SCTD:SetAnimationOptions(SCTOptionsFrame_CheckButton110);
								SCT:ShowExample();
								SCTD_EXAMPLEMSG:Show();
							</OnShow>
							<OnHide>
								SCT_EXAMPLETEXT:Hide();
								SCTD_EXAMPLEMSG:Hide();
							</OnHide>
						</Scripts>
					</Frame>
					
				</Frames>
			</Frame>
		</Frames>
	</Frame>
	
	<Button name="SCTOptionsFrame_Misc103" inherits="SCTOptionsTabTemplate" text="test12" parent="SCTOptions">
		<Anchors>
			<Anchor point="LEFT" relativePoint="RIGHT" relativeTo="SCTOptionsFrame_Misc10">
				<Offset>
					<AbsDimension x="0" y="0" />
				</Offset>
			</Anchor>
		</Anchors>
		<Scripts>
			<OnClick>
				SCT:OptionTabClick();
				SCTD:ToggleFrameTab("SCTOptionsFrame_Misc104","SCTDOptions_EventsFrame");
			</OnClick>
		</Scripts>
	</Button>
	
	<!-- Example MSG Frame  -->
	<Frame name="SCTD_EXAMPLEMSG" toplevel="true" frameStrata="HIGH" hidden="true" parent="UIParent">
		<Layers>
			<Layer level="ARTWORK">
				<FontString name="SCTDMsgExample1" inherits="MasterFont" font="Fonts\FRIZQT__.TTF" justifyH="CENTER" outline="NORMAL">
					<FontHeight>
						<AbsValue val="20"/>
					</FontHeight>
				</FontString>
			</Layer>		
		</Layers>
	</Frame>
</Ui>