<Ui xmlns="http://www.blizzard.com/wow/ui/" xmlns:xsi="http://www.w3.org/2001/XMLSchema-instance" xsi:schemaLocation="http://www.blizzard.com/wow/ui/
..\FrameXML\UI.xsd">
    <Script file="WeaponQuickSwap.lua"/>

    <Frame name="WeaponQuickSwapFrame">
        <Scripts>
        	<OnLoad>
          		WeaponQuickSwap_OnLoad();
            </OnLoad>
            <OnEvent>
            	WeaponQuickSwap_OnEvent(event, arg1);
            </OnEvent>
            <OnUpdate>
              WeaponQuickSwap_OnUpdate(arg1);
            </OnUpdate>
        </Scripts>
	</Frame>
</Ui>
