<Ui xmlns="http://www.blizzard.com/wow/ui" xmlns:xsi="http://www.w3.org/2001/XMLSchema-instance">
  <!--Autogenerated by wowuides, Version=1.0.200.0, Culture=neutral, PublicKeyToken=null-->
  <Frame name="TrainerSkillsForm">
    <!--<FrameSkin skinid="f15d4970-d66d-444e-bb2d-1ad102c87fed" frameid="f15d4971-d66d-444e-bb2d-1ad102c87fed" />-->
    <Size>
      <AbsDimension x="307" y="322" />
    </Size>
    <Anchors>
      <Anchor point="CENTER" relativeTo="UIParent">
        <Offset>
          <AbsDimension x="0" y="0" />
        </Offset>
      </Anchor>
    </Anchors>
    <Backdrop bgFile="Interface\DialogFrame\UI-DialogBox-Background" edgeFile="Interface\DialogFrame\UI-DialogBox-Border" tile="true">
      <BackgroundInsets>
        <AbsInset left="11" right="12" top="12" bottom="11" />
      </BackgroundInsets>
      <TileSize>
        <AbsValue val="32" />
      </TileSize>
      <EdgeSize>
        <AbsValue val="32" />
      </EdgeSize>
    </Backdrop>
    <Frames>
      <Frame name="$parentPanel1">
        <!--<FrameSkin skinid="dcb143e1-a4ab-4e7c-b934-1efa40101d21" frameid="2d508888-59c2-4f83-ae10-27aaad48391b" />-->
        <Size>
          <AbsDimension x="306" y="320" />
        </Size>
        <Anchors>
          <Anchor point="TOPLEFT">
            <Offset>
              <AbsDimension x="0" y="0" />
            </Offset>
          </Anchor>
        </Anchors>
        <Backdrop bgFile="Interface\Tooltips\UI-Tooltip-Background" edgeFile="Interface\Tooltips\UI-Tooltip-Border" tile="true">
          <BackgroundInsets>
            <AbsInset left="5" right="5" top="5" bottom="5" />
          </BackgroundInsets>
          <TileSize>
            <AbsValue val="16" />
          </TileSize>
          <EdgeSize>
            <AbsValue val="16" />
          </EdgeSize>
        </Backdrop>
        <Frames>
          <EditBox name="$parentSinglelineEditBox1" enableMouse="true">
            <!--<FrameSkin skinid="dcb143e1-a4ab-4e7c-b934-1efa40101d21" frameid="2d508887-59c2-4f83-ae10-27aaad48391b" />-->
            <Size>
              <AbsDimension x="97" y="20" />
            </Size>
            <Anchors>
              <Anchor point="TOPLEFT">
                <Offset>
                  <AbsDimension x="147" y="-38" />
                </Offset>
              </Anchor>
            </Anchors>
            <Layers>
              <Layer level="BACKGROUND">
                <Texture name="$parentLeft" file="Interface\Common\Common-Input-Border">
                  <Size>
                    <AbsDimension x="8" y="20" />
                  </Size>
                  <Anchors>
                    <Anchor point="LEFT" />
                  </Anchors>
                  <TexCoords left="0" right="0.0625" top="0" bottom="0.625" />
                </Texture>
                <Texture name="$parentRight" file="Interface\Common\Common-Input-Border">
                  <Size>
                    <AbsDimension x="8" y="20" />
                  </Size>
                  <Anchors>
                    <Anchor point="RIGHT" />
                  </Anchors>
                  <TexCoords left="0.9375" right="1" top="0" bottom="0.625" />
                </Texture>
                <Texture name="$parentMiddle" file="Interface\Common\Common-Input-Border">
                  <Size>
                    <AbsDimension x="10" y="20" />
                  </Size>
                  <Anchors>
                    <Anchor point="LEFT" relativeTo="$parentLeft" relativePoint="RIGHT" />
                    <Anchor point="RIGHT" relativeTo="$parentRight" relativePoint="LEFT" />
                  </Anchors>
                  <TexCoords left="0.0625" right="0.9375" top="0" bottom="0.625" />
                </Texture>
              </Layer>
            </Layers>
            <FontString font="Fonts\ARIALN.TTF">
              <FontHeight>
                <AbsValue val="14" />
              </FontHeight>
              <Color r="1" g="1" b="1" />
              <Shadow>
                <Color r="0" g="0" b="0" />
                <Offset>
                  <AbsDimension x="1" y="-1" />
                </Offset>
              </Shadow>
            </FontString>
          </EditBox>
          <Frame name="$parentLabel1">
            <!--<FrameSkin skinid="dcb143e1-a4ab-4e7c-b934-1efa40101d21" frameid="2d508885-59c2-4f83-ae10-27aaad48391b" />-->
            <Size>
              <AbsDimension x="93" y="21" />
            </Size>
            <Anchors>
              <Anchor point="TOPLEFT">
                <Offset>
                  <AbsDimension x="25" y="-38" />
                </Offset>
              </Anchor>
            </Anchors>
            <Layers>
              <Layer>
                <FontString name="$parentLabel" font="Fonts\FRIZQT__.TTF" text="$parentLabel1">
                  <Anchors>
                    <Anchor point="TOPLEFT" />
                    <Anchor point="BOTTOMRIGHT" />
                  </Anchors>
                  <FontHeight>
                    <AbsValue val="12" />
                  </FontHeight>
                  <Color r="1" g="0.8196079" b="0" />
                  <Shadow>
                    <Color r="0" g="0" b="0" />
                    <Offset>
                      <AbsDimension x="1" y="-1" />
                    </Offset>
                  </Shadow>
                </FontString>
              </Layer>
            </Layers>
          </Frame>
        </Frames>
      </Frame>
    </Frames>
  </Frame>
</Ui>